"","date","type","code","mid"
"1","2012/5/2","index","USDX",79.16
"2","2012/5/3","index","USDX",79.21
"3","2012/5/4","index","USDX",79.51
"4","2012/5/7","index","USDX",79.56
"5","2012/5/8","index","USDX",79.87
"6","2012/5/9","index","USDX",80.13
"7","2012/5/10","index","USDX",80.22
"8","2012/5/11","index","USDX",80.26
"9","2012/5/14","index","USDX",80.68
"10","2012/5/15","index","USDX",81.23
"11","2012/5/16","index","USDX",81.42
"12","2012/5/17","index","USDX",81.55
"13","2012/5/18","index","USDX",81.09
"14","2012/5/21","index","USDX",80.97
"15","2012/5/22","index","USDX",81.65
"16","2012/5/23","index","USDX",82.02
"17","2012/5/24","index","USDX",82.28
"18","2012/5/25","index","USDX",82.4
"19","2012/5/28","index","USDX",82.21
"20","2012/5/29","index","USDX",82.48
"21","2012/5/30","index","USDX",83.07
"22","2012/5/31","index","USDX",83.08
"23","2012/6/1","index","USDX",82.89
"24","2012/6/4","index","USDX",82.56
"25","2012/6/5","index","USDX",82.79
"26","2012/6/6","index","USDX",82.18
"27","2012/6/7","index","USDX",82.26
"28","2012/6/8","index","USDX",82.51
"29","2012/6/11","index","USDX",82.67
"30","2012/6/12","index","USDX",82.42
"31","2012/6/13","index","USDX",82.19
"32","2012/6/14","index","USDX",81.85
"33","2012/6/15","index","USDX",81.59
"34","2012/6/18","index","USDX",81.95
"35","2012/6/19","index","USDX",81.39
"36","2012/6/20","index","USDX",81.42
"37","2012/6/21","index","USDX",82.3
"38","2012/6/25","index","USDX",82.44
"39","2012/6/26","index","USDX",82.39
"40","2012/6/27","index","USDX",82.55
"41","2012/6/28","index","USDX",82.72
"42","2012/6/29","index","USDX",81.58
"43","2012/7/2","index","USDX",81.87
"44","2012/7/3","index","USDX",81.79
"45","2012/7/4","index","USDX",82.17
"46","2012/7/5","index","USDX",82.82
"47","2012/7/6","index","USDX",83.28
"48","2012/7/9","index","USDX",83.13
"49","2012/7/10","index","USDX",83.38
"50","2012/7/11","index","USDX",83.48
"51","2012/7/12","index","USDX",83.63
"52","2012/7/13","index","USDX",83.29
"53","2012/7/16","index","USDX",83.13
"54","2012/7/17","index","USDX",83.03
"55","2012/7/18","index","USDX",82.98
"56","2012/7/19","index","USDX",82.91
"57","2012/7/20","index","USDX",83.49
"58","2012/7/23","index","USDX",83.77
"59","2012/7/24","index","USDX",84.02
"60","2012/7/25","index","USDX",83.59
"61","2012/7/26","index","USDX",82.85
"62","2012/7/27","index","USDX",82.64
"63","2012/7/30","index","USDX",82.81
"64","2012/7/31","index","USDX",82.68
"65","2012/8/1","index","USDX",83.1
"66","2012/8/2","index","USDX",83.31
"67","2012/8/3","index","USDX",82.32
"68","2012/8/6","index","USDX",82.27
"69","2012/8/7","index","USDX",82.28
"70","2012/8/8","index","USDX",82.34
"71","2012/8/9","index","USDX",82.6
"72","2012/8/10","index","USDX",82.56
"73","2012/8/13","index","USDX",82.43
"74","2012/8/14","index","USDX",82.54
"75","2012/8/15","index","USDX",82.67
"76","2012/8/16","index","USDX",82.39
"77","2012/8/17","index","USDX",82.55
"78","2012/8/20","index","USDX",82.47
"79","2012/8/21","index","USDX",81.89
"80","2012/8/22","index","USDX",81.49
"81","2012/8/23","index","USDX",81.37
"82","2012/8/24","index","USDX",81.62
"83","2012/8/27","index","USDX",81.68
"84","2012/8/28","index","USDX",81.34
"85","2012/8/29","index","USDX",81.54
"86","2012/8/30","index","USDX",81.69
"87","2012/8/31","index","USDX",81.25
"88","2012/9/3","index","USDX",81.21
"89","2012/9/4","index","USDX",81.34
"90","2012/9/5","index","USDX",81.23
"91","2012/9/6","index","USDX",81.11
"92","2012/9/7","index","USDX",80.17
"93","2012/9/10","index","USDX",80.41
"94","2012/9/11","index","USDX",79.89
"95","2012/9/12","index","USDX",79.69
"96","2012/9/13","index","USDX",79.26
"97","2012/9/14","index","USDX",78.84
"98","2012/9/17","index","USDX",78.95
"99","2012/9/18","index","USDX",79.19
"100","2012/9/19","index","USDX",79.11
"101","2012/9/20","index","USDX",79.43
"102","2012/9/21","index","USDX",79.37
"103","2012/9/24","index","USDX",79.53
"104","2012/9/25","index","USDX",79.65
"105","2012/9/26","index","USDX",79.82
"106","2012/9/27","index","USDX",79.55
"107","2012/9/28","index","USDX",79.88
"108","2012/10/8","index","USDX",79.6
"109","2012/10/9","index","USDX",79.97
"110","2012/10/10","index","USDX",80.11
"111","2012/10/11","index","USDX",79.78
"112","2012/10/12","index","USDX",79.7
"113","2012/10/15","index","USDX",79.74
"114","2012/10/16","index","USDX",79.19
"115","2012/10/17","index","USDX",79.06
"116","2012/10/18","index","USDX",79.36
"117","2012/10/19","index","USDX",79.63
"118","2012/10/22","index","USDX",79.55
"119","2012/10/23","index","USDX",79.91
"120","2012/10/24","index","USDX",79.94
"121","2012/10/25","index","USDX",80.1
"122","2012/10/26","index","USDX",80.01
"123","2012/10/29","index","USDX",80.24
"124","2012/10/30","index","USDX",79.93
"125","2012/10/31","index","USDX",79.95
"126","2012/11/1","index","USDX",80.04
"127","2012/11/2","index","USDX",80.56
"128","2012/11/5","index","USDX",80.71
"129","2012/11/6","index","USDX",80.6
"130","2012/11/7","index","USDX",80.76
"131","2012/11/8","index","USDX",80.8
"132","2012/11/9","index","USDX",81.03
"133","2012/11/12","index","USDX",81.06
"134","2012/11/13","index","USDX",81.1
"135","2012/11/14","index","USDX",81.13
"136","2012/11/15","index","USDX",81.03
"137","2012/11/16","index","USDX",81.2
"138","2012/11/19","index","USDX",80.85
"139","2012/11/20","index","USDX",80.89
"140","2012/11/21","index","USDX",80.92
"141","2012/11/22","index","USDX",80.69
"142","2012/11/23","index","USDX",80.2
"143","2012/11/26","index","USDX",80.18
"144","2012/11/27","index","USDX",80.36
"145","2012/11/28","index","USDX",80.3
"146","2012/11/29","index","USDX",80.18
"147","2012/11/30","index","USDX",80.23
"148","2012/12/3","index","USDX",79.9
"149","2012/12/4","index","USDX",79.66
"150","2012/12/5","index","USDX",79.84
"151","2012/12/6","index","USDX",80.23
"152","2012/12/7","index","USDX",80.41
"153","2012/12/10","index","USDX",80.32
"154","2012/12/11","index","USDX",80.05
"155","2012/12/12","index","USDX",79.86
"156","2012/12/13","index","USDX",79.92
"157","2012/12/14","index","USDX",79.57
"158","2012/12/17","index","USDX",79.57
"159","2012/12/18","index","USDX",79.33
"160","2012/12/19","index","USDX",79.35
"161","2012/12/20","index","USDX",79.24
"162","2012/12/21","index","USDX",79.58
"163","2012/12/24","index","USDX",79.66
"164","2012/12/25","index","USDX",79.67
"165","2012/12/26","index","USDX",79.6
"166","2012/12/27","index","USDX",79.65
"167","2012/12/28","index","USDX",79.68
"168","2012/12/31","index","USDX",79.76
"169","2013/1/4","index","USDX",80.5
"170","2013/1/7","index","USDX",80.22
"171","2013/1/8","index","USDX",80.34
"172","2013/1/9","index","USDX",80.54
"173","2013/1/10","index","USDX",79.75
"174","2013/1/11","index","USDX",79.55
"175","2013/1/14","index","USDX",79.49
"176","2013/1/15","index","USDX",79.73
"177","2013/1/16","index","USDX",79.79
"178","2013/1/17","index","USDX",79.67
"179","2013/1/18","index","USDX",80.05
"180","2013/1/21","index","USDX",80.04
"181","2013/1/22","index","USDX",79.85
"182","2013/1/23","index","USDX",79.91
"183","2013/1/24","index","USDX",79.97
"184","2013/1/25","index","USDX",79.75
"185","2013/1/28","index","USDX",79.79
"186","2013/1/29","index","USDX",79.53
"187","2013/1/30","index","USDX",79.26
"188","2013/1/31","index","USDX",79.24
"189","2013/2/1","index","USDX",79.21
"190","2013/2/4","index","USDX",79.57
"191","2013/2/5","index","USDX",79.52
"192","2013/2/6","index","USDX",79.76
"193","2013/2/7","index","USDX",80.22
"194","2013/2/8","index","USDX",80.23
"195","2013/2/18","index","USDX",80.65
"196","2013/2/19","index","USDX",80.47
"197","2013/2/20","index","USDX",81.04
"198","2013/2/21","index","USDX",81.37
"199","2013/2/22","index","USDX",81.46
"200","2013/2/25","index","USDX",81.8
"201","2013/2/26","index","USDX",81.84
"202","2013/2/27","index","USDX",81.54
"203","2013/2/28","index","USDX",81.96
"204","2013/3/1","index","USDX",82.27
"205","2013/3/4","index","USDX",82.18
"206","2013/3/5","index","USDX",82.03
"207","2013/3/6","index","USDX",82.57
"208","2013/3/7","index","USDX",82.08
"209","2013/3/8","index","USDX",82.74
"210","2013/3/11","index","USDX",82.57
"211","2013/3/12","index","USDX",82.6
"212","2013/3/13","index","USDX",82.9
"213","2013/3/14","index","USDX",82.58
"214","2013/3/15","index","USDX",82.14
"215","2013/3/18","index","USDX",82.62
"216","2013/3/19","index","USDX",83.03
"217","2013/3/20","index","USDX",82.83
"218","2013/3/21","index","USDX",82.85
"219","2013/3/22","index","USDX",82.37
"220","2013/3/25","index","USDX",82.93
"221","2013/3/26","index","USDX",82.89
"222","2013/3/27","index","USDX",83.21
"223","2013/3/28","index","USDX",83
"224","2013/3/29","index","USDX",82.99
"225","2013/4/1","index","USDX",82.73
"226","2013/4/2","index","USDX",82.89
"227","2013/4/3","index","USDX",82.76
"228","2013/4/8","index","USDX",82.71
"229","2013/4/9","index","USDX",82.39
"230","2013/4/10","index","USDX",82.49
"231","2013/4/11","index","USDX",82.25
"232","2013/4/12","index","USDX",82.1
"233","2013/4/15","index","USDX",82.3
"234","2013/4/16","index","USDX",81.83
"235","2013/4/17","index","USDX",82.65
"236","2013/4/18","index","USDX",82.56
"237","2013/4/19","index","USDX",82.75
"238","2013/4/22","index","USDX",82.65
"239","2013/4/23","index","USDX",83
"240","2013/4/24","index","USDX",82.95
"241","2013/4/25","index","USDX",82.78
"242","2013/4/26","index","USDX",82.49
"243","2013/5/2","index","USDX",82.23
"244","2013/5/3","index","USDX",82.08
"245","2013/5/6","index","USDX",82.33
"246","2013/5/7","index","USDX",82.28
"247","2013/5/8","index","USDX",81.9
"248","2013/5/9","index","USDX",82.68
"249","2013/5/10","index","USDX",83.1
"250","2013/5/13","index","USDX",83.2
"251","2013/5/14","index","USDX",83.62
"252","2013/5/15","index","USDX",83.79
"253","2013/5/16","index","USDX",83.74
"254","2013/5/17","index","USDX",84.21
"255","2013/5/20","index","USDX",83.82
"256","2013/5/21","index","USDX",83.84
"257","2013/5/22","index","USDX",84.29
"258","2013/5/23","index","USDX",83.75
"259","2013/5/24","index","USDX",83.65
"260","2013/5/27","index","USDX",83.64
"261","2013/5/28","index","USDX",84.26
"262","2013/5/29","index","USDX",83.62
"263","2013/5/30","index","USDX",83
"264","2013/5/31","index","USDX",83.27
"265","2013/6/3","index","USDX",82.67
"266","2013/6/4","index","USDX",82.75
"267","2013/6/5","index","USDX",82.56
"268","2013/6/6","index","USDX",81.62
"269","2013/6/7","index","USDX",81.69
"270","2013/6/13","index","USDX",80.7
"271","2013/6/14","index","USDX",80.61
"272","2013/6/17","index","USDX",80.65
"273","2013/6/18","index","USDX",80.67
"274","2013/6/19","index","USDX",81.31
"275","2013/6/20","index","USDX",81.77
"276","2013/6/21","index","USDX",82.41
"277","2013/6/24","index","USDX",82.44
"278","2013/6/25","index","USDX",82.61
"279","2013/6/26","index","USDX",82.95
"280","2013/6/27","index","USDX",82.96
"281","2013/6/28","index","USDX",83.18
"282","2013/7/1","index","USDX",83.02
"283","2013/7/2","index","USDX",83.53
"284","2013/7/3","index","USDX",83.21
"285","2013/7/4","index","USDX",83.77
"286","2013/7/5","index","USDX",84.44
"287","2013/7/8","index","USDX",84.22
"288","2013/7/9","index","USDX",84.6
"289","2013/7/10","index","USDX",83.25
"290","2013/7/11","index","USDX",82.74
"291","2013/7/12","index","USDX",82.93
"292","2013/7/15","index","USDX",83.08
"293","2013/7/16","index","USDX",82.5
"294","2013/7/17","index","USDX",82.65
"295","2013/7/18","index","USDX",82.78
"296","2013/7/19","index","USDX",82.61
"297","2013/7/22","index","USDX",82.23
"298","2013/7/23","index","USDX",82.01
"299","2013/7/24","index","USDX",82.27
"300","2013/7/25","index","USDX",81.79
"301","2013/7/26","index","USDX",81.65
"302","2013/7/29","index","USDX",81.71
"303","2013/7/30","index","USDX",81.84
"304","2013/7/31","index","USDX",81.67
"305","2013/8/1","index","USDX",82.36
"306","2013/8/2","index","USDX",81.92
"307","2013/8/5","index","USDX",81.84
"308","2013/8/6","index","USDX",81.62
"309","2013/8/7","index","USDX",81.27
"310","2013/8/8","index","USDX",81.02
"311","2013/8/9","index","USDX",81.12
"312","2013/8/12","index","USDX",81.45
"313","2013/8/13","index","USDX",81.77
"314","2013/8/14","index","USDX",81.71
"315","2013/8/15","index","USDX",81.14
"316","2013/8/16","index","USDX",81.29
"317","2013/8/19","index","USDX",81.27
"318","2013/8/20","index","USDX",80.94
"319","2013/8/21","index","USDX",81.32
"320","2013/8/22","index","USDX",81.49
"321","2013/8/23","index","USDX",81.36
"322","2013/8/26","index","USDX",81.39
"323","2013/8/27","index","USDX",81.14
"324","2013/8/28","index","USDX",81.43
"325","2013/8/29","index","USDX",81.97
"326","2013/8/30","index","USDX",82.04
"327","2013/9/2","index","USDX",82.24
"328","2013/9/3","index","USDX",82.39
"329","2013/9/4","index","USDX",82.18
"330","2013/9/5","index","USDX",82.64
"331","2013/9/6","index","USDX",82.15
"332","2013/9/9","index","USDX",81.83
"333","2013/9/10","index","USDX",81.83
"334","2013/9/11","index","USDX",81.51
"335","2013/9/12","index","USDX",81.51
"336","2013/9/13","index","USDX",81.52
"337","2013/9/16","index","USDX",81.27
"338","2013/9/17","index","USDX",81.14
"339","2013/9/18","index","USDX",80.23
"340","2013/9/23","index","USDX",80.46
"341","2013/9/24","index","USDX",80.59
"342","2013/9/25","index","USDX",80.34
"343","2013/9/26","index","USDX",80.54
"344","2013/9/27","index","USDX",80.27
"345","2013/9/30","index","USDX",80.23
"346","2013/10/8","index","USDX",80.01
"347","2013/10/9","index","USDX",80.37
"348","2013/10/10","index","USDX",80.48
"349","2013/10/11","index","USDX",80.42
"350","2013/10/14","index","USDX",80.34
"351","2013/10/15","index","USDX",80.44
"352","2013/10/16","index","USDX",80.46
"353","2013/10/17","index","USDX",79.66
"354","2013/10/18","index","USDX",79.61
"355","2013/10/21","index","USDX",79.7
"356","2013/10/22","index","USDX",79.26
"357","2013/10/23","index","USDX",79.28
"358","2013/10/24","index","USDX",79.19
"359","2013/10/25","index","USDX",79.21
"360","2013/10/28","index","USDX",79.33
"361","2013/10/29","index","USDX",79.62
"362","2013/10/30","index","USDX",79.7
"363","2013/10/31","index","USDX",80.23
"364","2013/11/1","index","USDX",80.72
"365","2013/11/4","index","USDX",80.57
"366","2013/11/5","index","USDX",80.7
"367","2013/11/6","index","USDX",80.51
"368","2013/11/7","index","USDX",80.83
"369","2013/11/8","index","USDX",81.22
"370","2013/11/11","index","USDX",81.09
"371","2013/11/12","index","USDX",81.15
"372","2013/11/13","index","USDX",80.78
"373","2013/11/14","index","USDX",80.99
"374","2013/11/15","index","USDX",80.81
"375","2013/11/18","index","USDX",80.73
"376","2013/11/19","index","USDX",80.66
"377","2013/11/20","index","USDX",81
"378","2013/11/21","index","USDX",80.98
"379","2013/11/22","index","USDX",80.66
"380","2013/11/25","index","USDX",80.91
"381","2013/11/26","index","USDX",80.62
"382","2013/11/27","index","USDX",80.7
"383","2013/11/28","index","USDX",80.55
"384","2013/11/29","index","USDX",80.62
"385","2013/12/2","index","USDX",80.9
"386","2013/12/3","index","USDX",80.64
"387","2013/12/4","index","USDX",80.61
"388","2013/12/5","index","USDX",80.29
"389","2013/12/6","index","USDX",80.26
"390","2013/12/9","index","USDX",80.13
"391","2013/12/10","index","USDX",79.98
"392","2013/12/11","index","USDX",79.88
"393","2013/12/12","index","USDX",80.18
"394","2013/12/13","index","USDX",80.19
"395","2013/12/16","index","USDX",80.09
"396","2013/12/17","index","USDX",80.05
"397","2013/12/18","index","USDX",80.51
"398","2013/12/19","index","USDX",80.6
"399","2013/12/20","index","USDX",80.55
"400","2013/12/23","index","USDX",80.43
"401","2013/12/24","index","USDX",80.52
"402","2013/12/25","index","USDX",80.53
"403","2013/12/26","index","USDX",80.5
"404","2013/12/27","index","USDX",80.33
"405","2013/12/30","index","USDX",80.04
"406","2013/12/31","index","USDX",80.2
"407","2014/1/2","index","USDX",80.57
"408","2014/1/3","index","USDX",80.87
"409","2014/1/6","index","USDX",80.68
"410","2014/1/7","index","USDX",80.85
"411","2014/1/8","index","USDX",81.07
"412","2014/1/9","index","USDX",80.94
"413","2014/1/10","index","USDX",80.63
"414","2014/1/13","index","USDX",80.53
"415","2014/1/14","index","USDX",80.64
"416","2014/1/15","index","USDX",80.99
"417","2014/1/16","index","USDX",80.91
"418","2014/1/17","index","USDX",81.19
"419","2014/1/20","index","USDX",81.11
"420","2014/1/21","index","USDX",81.08
"421","2014/1/22","index","USDX",81.2
"422","2014/1/23","index","USDX",80.44
"423","2014/1/24","index","USDX",80.47
"424","2014/1/27","index","USDX",80.48
"425","2014/1/28","index","USDX",80.57
"426","2014/1/29","index","USDX",80.53
"427","2014/1/30","index","USDX",81.05
"428","2014/2/7","index","USDX",80.67
"429","2014/2/10","index","USDX",80.65
"430","2014/2/11","index","USDX",80.63
"431","2014/2/12","index","USDX",80.69
"432","2014/2/13","index","USDX",80.3
"433","2014/2/14","index","USDX",80.15
"434","2014/2/17","index","USDX",80.13
"435","2014/2/18","index","USDX",80.01
"436","2014/2/19","index","USDX",80.19
"437","2014/2/20","index","USDX",80.28
"438","2014/2/21","index","USDX",80.27
"439","2014/2/24","index","USDX",80.22
"440","2014/2/25","index","USDX",80.14
"441","2014/2/26","index","USDX",80.41
"442","2014/2/27","index","USDX",80.28
"443","2014/2/28","index","USDX",79.78
"444","2014/3/3","index","USDX",80.07
"445","2014/3/4","index","USDX",80.13
"446","2014/3/5","index","USDX",80.09
"447","2014/3/6","index","USDX",79.67
"448","2014/3/7","index","USDX",79.71
"449","2014/3/10","index","USDX",79.74
"450","2014/3/11","index","USDX",79.79
"451","2014/3/12","index","USDX",79.62
"452","2014/3/13","index","USDX",79.58
"453","2014/3/14","index","USDX",79.41
"454","2014/3/17","index","USDX",79.4
"455","2014/3/18","index","USDX",79.37
"456","2014/3/19","index","USDX",80.05
"457","2014/3/20","index","USDX",80.19
"458","2014/3/21","index","USDX",80.13
"459","2014/3/24","index","USDX",79.94
"460","2014/3/25","index","USDX",80.03
"461","2014/3/26","index","USDX",80.02
"462","2014/3/27","index","USDX",80.15
"463","2014/3/28","index","USDX",80.19
"464","2014/3/31","index","USDX",80.11
"465","2014/4/1","index","USDX",80.08
"466","2014/4/2","index","USDX",80.23
"467","2014/4/3","index","USDX",80.46
"468","2014/4/4","index","USDX",80.44
"469","2014/4/8","index","USDX",79.78
"470","2014/4/9","index","USDX",79.52
"471","2014/4/10","index","USDX",79.41
"472","2014/4/11","index","USDX",79.49
"473","2014/4/14","index","USDX",79.76
"474","2014/4/15","index","USDX",79.79
"475","2014/4/16","index","USDX",79.82
"476","2014/4/17","index","USDX",79.85
"477","2014/4/18","index","USDX",79.88
"478","2014/4/21","index","USDX",79.95
"479","2014/4/22","index","USDX",79.9
"480","2014/4/23","index","USDX",79.87
"481","2014/4/24","index","USDX",79.79
"482","2014/4/25","index","USDX",79.76
"483","2014/4/28","index","USDX",79.71
"484","2014/4/29","index","USDX",79.81
"485","2014/4/30","index","USDX",79.53
"486","2014/5/5","index","USDX",79.51
"487","2014/5/6","index","USDX",79.15
"488","2014/5/7","index","USDX",79.23
"489","2014/5/8","index","USDX",79.45
"490","2014/5/9","index","USDX",79.87
"491","2014/5/12","index","USDX",79.89
"492","2014/5/13","index","USDX",80.12
"493","2014/5/14","index","USDX",80.06
"494","2014/5/15","index","USDX",80.03
"495","2014/5/16","index","USDX",80.06
"496","2014/5/19","index","USDX",80.03
"497","2014/5/20","index","USDX",80.05
"498","2014/5/21","index","USDX",80.08
"499","2014/5/22","index","USDX",80.22
"500","2014/5/23","index","USDX",80.38
"501","2014/5/26","index","USDX",80.29
"502","2014/5/27","index","USDX",80.37
"503","2014/5/28","index","USDX",80.56
"504","2014/5/29","index","USDX",80.49
"505","2014/5/30","index","USDX",80.39
"506","2014/6/3","index","USDX",80.54
"507","2014/6/4","index","USDX",80.66
"508","2014/6/5","index","USDX",80.35
"509","2014/6/6","index","USDX",80.43
"510","2014/6/9","index","USDX",80.63
"511","2014/6/10","index","USDX",80.81
"512","2014/6/11","index","USDX",80.77
"513","2014/6/12","index","USDX",80.59
"514","2014/6/13","index","USDX",80.61
"515","2014/6/16","index","USDX",80.44
"516","2014/6/17","index","USDX",80.61
"517","2014/6/18","index","USDX",80.4
"518","2014/6/19","index","USDX",80.33
"519","2014/6/20","index","USDX",80.34
"520","2014/6/23","index","USDX",80.27
"521","2014/6/24","index","USDX",80.32
"522","2014/6/25","index","USDX",80.21
"523","2014/6/26","index","USDX",80.21
"524","2014/6/27","index","USDX",80.02
"525","2014/6/30","index","USDX",79.79
"526","2014/7/1","index","USDX",79.82
"527","2014/7/2","index","USDX",79.95
"528","2014/7/3","index","USDX",80.21
"529","2014/7/4","index","USDX",80.28
"530","2014/7/7","index","USDX",80.21
"531","2014/7/8","index","USDX",80.18
"532","2014/7/9","index","USDX",80.09
"533","2014/7/10","index","USDX",80.12
"534","2014/7/11","index","USDX",80.19
"535","2014/7/14","index","USDX",80.17
"536","2014/7/15","index","USDX",80.38
"537","2014/7/16","index","USDX",80.54
"538","2014/7/17","index","USDX",80.51
"539","2014/7/18","index","USDX",80.54
"540","2014/7/21","index","USDX",80.56
"541","2014/7/22","index","USDX",80.78
"542","2014/7/23","index","USDX",80.8
"543","2014/7/24","index","USDX",80.87
"544","2014/7/25","index","USDX",81.05
"545","2014/7/28","index","USDX",81
"546","2014/7/29","index","USDX",81.21
"547","2014/7/30","index","USDX",81.42
"548","2014/7/31","index","USDX",81.46
"549","2014/8/1","index","USDX",81.31
"550","2014/8/4","index","USDX",81.32
"551","2014/8/5","index","USDX",81.54
"552","2014/8/6","index","USDX",81.42
"553","2014/8/7","index","USDX",81.53
"554","2014/8/8","index","USDX",81.4
"555","2014/8/11","index","USDX",81.46
"556","2014/8/12","index","USDX",81.51
"557","2014/8/13","index","USDX",81.61
"558","2014/8/14","index","USDX",81.6
"559","2014/8/15","index","USDX",81.43
"560","2014/8/18","index","USDX",81.58
"561","2014/8/19","index","USDX",81.89
"562","2014/8/20","index","USDX",82.25
"563","2014/8/21","index","USDX",82.16
"564","2014/8/22","index","USDX",82.33
"565","2014/8/25","index","USDX",82.58
"566","2014/8/26","index","USDX",82.67
"567","2014/8/27","index","USDX",82.46
"568","2014/8/28","index","USDX",82.49
"569","2014/8/29","index","USDX",82.72
"570","2014/9/1","index","USDX",82.78
"571","2014/9/2","index","USDX",82.97
"572","2014/9/3","index","USDX",82.86
"573","2014/9/4","index","USDX",83.84
"574","2014/9/5","index","USDX",83.76
"575","2014/9/9","index","USDX",84.14
"576","2014/9/10","index","USDX",84.23
"577","2014/9/11","index","USDX",84.24
"578","2014/9/12","index","USDX",84.16
"579","2014/9/15","index","USDX",84.24
"580","2014/9/16","index","USDX",84.08
"581","2014/9/17","index","USDX",84.75
"582","2014/9/18","index","USDX",84.27
"583","2014/9/19","index","USDX",84.79
"584","2014/9/22","index","USDX",84.71
"585","2014/9/23","index","USDX",84.7
"586","2014/9/24","index","USDX",85.07
"587","2014/9/25","index","USDX",85.2
"588","2014/9/26","index","USDX",85.64
"589","2014/9/29","index","USDX",85.62
"590","2014/9/30","index","USDX",85.91
"591","2014/10/8","index","USDX",85.3
"592","2014/10/9","index","USDX",85.54
"593","2014/10/10","index","USDX",85.81
"594","2014/10/13","index","USDX",85.21
"595","2014/10/14","index","USDX",85.81
"596","2014/10/15","index","USDX",84.92
"597","2014/10/16","index","USDX",84.95
"598","2014/10/17","index","USDX",85.2
"599","2014/10/20","index","USDX",85.03
"600","2014/10/21","index","USDX",85.4
"601","2014/10/22","index","USDX",85.77
"602","2014/10/23","index","USDX",85.88
"603","2014/10/24","index","USDX",85.72
"604","2014/10/27","index","USDX",85.59
"605","2014/10/28","index","USDX",85.41
"606","2014/10/29","index","USDX",85.99
"607","2014/10/30","index","USDX",86.12
"608","2014/10/31","index","USDX",86.92
"609","2014/11/3","index","USDX",87.39
"610","2014/11/4","index","USDX",87.05
"611","2014/11/5","index","USDX",87.41
"612","2014/11/6","index","USDX",88.09
"613","2014/11/7","index","USDX",87.59
"614","2014/11/10","index","USDX",87.81
"615","2014/11/11","index","USDX",87.59
"616","2014/11/12","index","USDX",87.8
"617","2014/11/13","index","USDX",87.75
"618","2014/11/14","index","USDX",87.55
"619","2014/11/17","index","USDX",87.95
"620","2014/11/18","index","USDX",87.58
"621","2014/11/19","index","USDX",87.62
"622","2014/11/20","index","USDX",87.68
"623","2014/11/21","index","USDX",88.29
"624","2014/11/24","index","USDX",88.1
"625","2014/11/25","index","USDX",87.91
"626","2014/11/26","index","USDX",87.67
"627","2014/11/27","index","USDX",87.95
"628","2014/11/28","index","USDX",88.24
"629","2014/12/1","index","USDX",88.01
"630","2014/12/2","index","USDX",88.64
"631","2014/12/3","index","USDX",88.95
"632","2014/12/4","index","USDX",88.65
"633","2014/12/5","index","USDX",89.35
"634","2014/12/8","index","USDX",89.11
"635","2014/12/9","index","USDX",88.73
"636","2014/12/10","index","USDX",88.21
"637","2014/12/11","index","USDX",88.46
"638","2014/12/12","index","USDX",88.33
"639","2014/12/15","index","USDX",88.48
"640","2014/12/16","index","USDX",87.91
"641","2014/12/17","index","USDX",88.22
"642","2014/12/18","index","USDX",89.21
"643","2014/12/19","index","USDX",89.59
"644","2014/12/22","index","USDX",89.72
"645","2014/12/23","index","USDX",90.08
"646","2014/12/24","index","USDX",89.91
"647","2014/12/25","index","USDX",89.81
"648","2014/12/26","index","USDX",90.03
"649","2014/12/29","index","USDX",90.19
"650","2014/12/30","index","USDX",89.97
"651","2014/12/31","index","USDX",90.27
"652","2015/1/5","index","USDX",91.42
"653","2015/1/6","index","USDX",91.61
"654","2015/1/7","index","USDX",91.9892
"655","2015/1/8","index","USDX",92.2916
"656","2015/1/9","index","USDX",91.9444
"657","2015/1/12","index","USDX",92.03
"658","2015/1/13","index","USDX",92.28
"659","2015/1/14","index","USDX",92.0981
"660","2015/1/15","index","USDX",92.0813
"661","2015/1/16","index","USDX",92.69
"662","2015/1/19","index","USDX",92.56
"663","2015/1/20","index","USDX",93.03
"664","2015/1/21","index","USDX",92.77
"665","2015/1/22","index","USDX",94.1813
"666","2015/1/23","index","USDX",95.011
"667","2015/1/26","index","USDX",94.952
"668","2015/1/27","index","USDX",94.0169
"669","2015/1/28","index","USDX",94.6236
"670","2015/1/29","index","USDX",94.7276
"671","2015/1/30","index","USDX",94.8737
"672","2015/2/2","index","USDX",94.59
"673","2015/2/3","index","USDX",93.63
"674","2015/2/4","index","USDX",94.42
"675","2015/2/5","index","USDX",93.54
"676","2015/2/6","index","USDX",94.69
"677","2015/2/9","index","USDX",94.5716
"678","2015/2/10","index","USDX",94.7304
"679","2015/2/11","index","USDX",94.8317
"680","2015/2/12","index","USDX",94.1922
"681","2015/2/13","index","USDX",94.1781
"682","2015/2/16","index","USDX",94.3524
"683","2015/2/17","index","USDX",94.0935
"684","2015/2/25","index","USDX",94.4
"685","2015/2/26","index","USDX",95.2796
"686","2015/2/27","index","USDX",95.25
"687","2015/3/2","index","USDX",95.47
"688","2015/3/3","index","USDX",95.41
"689","2015/3/4","index","USDX",95.9405
"690","2015/3/5","index","USDX",96.3528
"691","2015/3/6","index","USDX",97.7051
"692","2015/3/9","index","USDX",97.6496
"693","2015/3/10","index","USDX",98.7554
"694","2015/3/11","index","USDX",99.7229
"695","2015/3/12","index","USDX",99.2242
"696","2015/3/13","index","USDX",100.148
"697","2015/3/16","index","USDX",99.6996
"698","2015/3/17","index","USDX",99.6036
"699","2015/3/18","index","USDX",97.8016
"700","2015/3/19","index","USDX",99.1017
"701","2015/3/20","index","USDX",97.8557
"702","2015/3/23","index","USDX",97.0081
"703","2015/3/24","index","USDX",97.2054
"704","2015/3/25","index","USDX",96.874
"705","2015/3/26","index","USDX",97.4193
"706","2015/3/27","index","USDX",97.358
"707","2015/3/30","index","USDX",97.976
"708","2015/3/31","index","USDX",98.4117
"709","2015/4/1","index","USDX",98.1771
"710","2015/4/2","index","USDX",97.5097
"711","2015/4/3","index","USDX",96.8164
"712","2015/4/7","index","USDX",97.9562
"713","2015/4/8","index","USDX",98.0676
"714","2015/4/9","index","USDX",98.9915
"715","2015/4/10","index","USDX",99.386
"716","2015/4/13","index","USDX",99.513
"717","2015/4/14","index","USDX",98.7565
"718","2015/4/15","index","USDX",98.3698
"719","2015/4/16","index","USDX",97.6466
"720","2015/4/17","index","USDX",97.4538
"721","2015/4/20","index","USDX",97.9102
"722","2015/4/21","index","USDX",97.9716
"723","2015/4/22","index","USDX",98.0628
"724","2015/4/23","index","USDX",97.3056
"725","2015/4/24","index","USDX",96.9079
"726","2015/4/27","index","USDX",96.7557
"727","2015/4/28","index","USDX",96.0838
"728","2015/4/29","index","USDX",95.1982
"729","2015/4/30","index","USDX",94.8313
"730","2015/5/4","index","USDX",95.4227
"731","2015/5/5","index","USDX",95.1201
"732","2015/5/6","index","USDX",94.147
"733","2015/5/7","index","USDX",94.6012
"734","2015/5/8","index","USDX",94.8102
"735","2015/5/11","index","USDX",95.0363
"736","2015/5/12","index","USDX",94.5413
"737","2015/5/13","index","USDX",93.6716
"738","2015/5/14","index","USDX",93.3873
"739","2015/5/15","index","USDX",93.2684
"740","2015/5/18","index","USDX",94.1663
"741","2015/5/19","index","USDX",95.3066
"742","2015/5/20","index","USDX",95.6257
"743","2015/5/21","index","USDX",95.4099
"744","2015/5/22","index","USDX",96.2011
"745","2015/5/25","index","USDX",96.3832
"746","2015/5/26","index","USDX",97.2944
"747","2015/5/27","index","USDX",97.2726
"748","2015/5/28","index","USDX",96.9465
"749","2015/5/29","index","USDX",96.86
"750","2015/6/1","index","USDX",97.46
"751","2015/6/2","index","USDX",95.93
"752","2015/6/3","index","USDX",95.35
"753","2015/6/4","index","USDX",95.59
"754","2015/6/5","index","USDX",96.37
"755","2015/6/8","index","USDX",95.24
"756","2015/6/9","index","USDX",95.18
"757","2015/6/10","index","USDX",94.66
"758","2015/6/11","index","USDX",95.14
"759","2015/6/12","index","USDX",94.97
"760","2015/6/15","index","USDX",94.7943
"761","2015/6/16","index","USDX",94.9454
"762","2015/6/17","index","USDX",94.2461
"763","2015/6/18","index","USDX",94.0267
"764","2015/6/19","index","USDX",94.1
"765","2015/6/23","index","USDX",95.4184
"766","2015/6/24","index","USDX",95.2772
"767","2015/6/25","index","USDX",95.2119
"768","2015/6/26","index","USDX",95.4284
"769","2015/6/29","index","USDX",94.9534
"770","2015/6/30","index","USDX",95.5016
"771","2015/7/1","index","USDX",96.2528
"772","2015/7/2","index","USDX",96.1261
"773","2015/7/3","index","USDX",95.9509
"774","2015/7/6","index","USDX",96.2564
"775","2015/7/7","index","USDX",96.7403
"776","2015/7/8","index","USDX",96.2079
"777","2015/7/9","index","USDX",96.4315
"778","2015/7/10","index","USDX",95.8468
"779","2015/7/13","index","USDX",96.7929
"780","2015/7/14","index","USDX",96.6523
"781","2015/7/15","index","USDX",97.1565
"782","2015/7/16","index","USDX",97.6552
"783","2015/7/17","index","USDX",97.9635
"784","2015/7/20","index","USDX",98.0731
"785","2015/7/21","index","USDX",97.3371
"786","2015/7/22","index","USDX",97.4347
"787","2015/7/23","index","USDX",97.2223
"788","2015/7/24","index","USDX",97.2414
"789","2015/7/27","index","USDX",96.5452
"790","2015/7/28","index","USDX",96.6519
"791","2015/7/29","index","USDX",97.1898
"792","2015/7/30","index","USDX",97.485
"793","2015/7/31","index","USDX",97.2276
"794","2015/8/3","index","USDX",97.4863
"795","2015/8/4","index","USDX",97.9392
"796","2015/8/5","index","USDX",97.9178
"797","2015/8/6","index","USDX",97.8139
"798","2015/8/7","index","USDX",97.6178
"799","2015/8/10","index","USDX",97.1855
"800","2015/8/11","index","USDX",97.198
"801","2015/8/12","index","USDX",96.3251
"802","2015/8/13","index","USDX",96.3754
"803","2015/8/14","index","USDX",96.6024
"804","2015/8/17","index","USDX",96.819
"805","2015/8/18","index","USDX",97.0017
"806","2015/8/19","index","USDX",96.4418
"807","2015/8/20","index","USDX",95.7787
"808","2015/8/21","index","USDX",94.8598
"809","2015/8/24","index","USDX",93.5158
"810","2015/8/25","index","USDX",94.0134
"811","2015/8/26","index","USDX",95.34
"812","2015/8/27","index","USDX",95.7701
"813","2015/8/28","index","USDX",95.7727
"814","2015/8/31","index","USDX",95.9885
"815","2015/9/1","index","USDX",95.32
"816","2015/9/2","index","USDX",95.911
"817","2015/9/7","index","USDX",96.1471
"818","2015/9/8","index","USDX",95.8817
"819","2015/9/9","index","USDX",95.8939
"820","2015/9/10","index","USDX",95.547
"821","2015/9/11","index","USDX",95.1718
"822","2015/9/14","index","USDX",95.258
"823","2015/9/15","index","USDX",95.6286
"824","2015/9/16","index","USDX",95.3398
"825","2015/9/17","index","USDX",94.5509
"826","2015/9/18","index","USDX",95.1593
"827","2015/9/21","index","USDX",95.9249
"828","2015/9/22","index","USDX",96.3323
"829","2015/9/23","index","USDX",96.1849
"830","2015/9/24","index","USDX",96.2721
"831","2015/9/25","index","USDX",96.2585
"832","2015/9/28","index","USDX",95.9687
"833","2015/9/29","index","USDX",95.9103
"834","2015/9/30","index","USDX",96.2692
"835","2015/10/8","index","USDX",95.2894
"836","2015/10/9","index","USDX",94.9041
"837","2015/10/12","index","USDX",94.8782
"838","2015/10/13","index","USDX",94.7781
"839","2015/10/14","index","USDX",93.9143
"840","2015/10/15","index","USDX",94.448
"841","2015/10/16","index","USDX",94.7346
"842","2015/10/19","index","USDX",94.9176
"843","2015/10/20","index","USDX",94.8602
"844","2015/10/21","index","USDX",95.0499
"845","2015/10/22","index","USDX",96.366
"846","2015/10/23","index","USDX",97.0584
"847","2015/10/26","index","USDX",96.8048
"848","2015/10/27","index","USDX",96.8792
"849","2015/10/28","index","USDX",97.6195
"850","2015/10/29","index","USDX",97.2199
"851","2015/10/30","index","USDX",96.8961
"852","2015/11/2","index","USDX",96.9097
"853","2015/11/3","index","USDX",97.1675
"854","2015/11/4","index","USDX",97.8856
"855","2015/11/5","index","USDX",97.9926
"856","2015/11/6","index","USDX",99.1658
"857","2015/11/9","index","USDX",99.0496
"858","2015/11/10","index","USDX",99.1696
"859","2015/11/11","index","USDX",98.9696
"860","2015/11/12","index","USDX",98.5095
"861","2015/11/13","index","USDX",99.1003
"862","2015/11/16","index","USDX",99.3841
"863","2015/11/17","index","USDX",99.6525
"864","2015/11/18","index","USDX",99.5715
"865","2015/11/19","index","USDX",98.9779
"866","2015/11/20","index","USDX",99.6025
"867","2015/11/23","index","USDX",99.7298
"868","2015/11/24","index","USDX",99.6308
"869","2015/11/25","index","USDX",99.7437
"870","2015/11/26","index","USDX",99.8394
"871","2015/11/27","index","USDX",100.077
"872","2015/11/30","index","USDX",100.235
"873","2015/12/1","index","USDX",99.7855
"874","2015/12/2","index","USDX",99.9883
"875","2015/12/3","index","USDX",97.8693
"876","2015/12/4","index","USDX",98.3092
"877","2015/12/7","index","USDX",98.7079
"878","2015/12/8","index","USDX",98.4238
"879","2015/12/9","index","USDX",97.343
"880","2015/12/10","index","USDX",97.9263
"881","2015/12/11","index","USDX",97.5761
"882","2015/12/14","index","USDX",97.6446
"883","2015/12/15","index","USDX",98.1777
"884","2015/12/16","index","USDX",98.3706
"885","2015/12/17","index","USDX",99.0758
"886","2015/12/18","index","USDX",98.7112
"887","2015/12/21","index","USDX",98.4536
"888","2015/12/22","index","USDX",98.1859
"889","2015/12/23","index","USDX",98.3578
"890","2015/12/24","index","USDX",97.939
"891","2015/12/25","index","USDX",97.8487
"892","2015/12/28","index","USDX",97.9719
"893","2015/12/29","index","USDX",98.2621
"894","2015/12/30","index","USDX",98.2344
"895","2015/12/31","index","USDX",98.7044
"896","2016/1/4","index","USDX",98.8466
"897","2016/1/5","index","USDX",99.3634
"898","2016/1/6","index","USDX",99.2229
"899","2016/1/7","index","USDX",98.2844
"900","2016/1/8","index","USDX",98.3897
"901","2016/1/11","index","USDX",98.8438
"902","2016/1/12","index","USDX",98.9391
"903","2016/1/13","index","USDX",98.9575
"904","2016/1/14","index","USDX",99.0721
"905","2016/1/15","index","USDX",98.9195
"906","2016/1/18","index","USDX",99.0998
"907","2016/1/19","index","USDX",99.1251
"908","2016/1/20","index","USDX",99.0828
"909","2016/1/21","index","USDX",99.0836
"910","2016/1/22","index","USDX",99.5279
"911","2016/1/25","index","USDX",99.2929
"912","2016/1/26","index","USDX",99.0243
"913","2016/1/27","index","USDX",98.9821
"914","2016/1/28","index","USDX",98.5974
"915","2016/1/29","index","USDX",99.5558
"916","2016/2/1","index","USDX",99.0258
"917","2016/2/2","index","USDX",98.8701
"918","2016/2/3","index","USDX",97.2096
"919","2016/2/4","index","USDX",96.5033
"920","2016/2/5","index","USDX",96.9734
"921","2016/2/15","index","USDX",96.7358
"922","2016/2/16","index","USDX",96.8637
"923","2016/2/17","index","USDX",96.8524
"924","2016/2/18","index","USDX",96.8293
"925","2016/2/19","index","USDX",96.6038
"926","2016/2/22","index","USDX",97.3696
"927","2016/2/23","index","USDX",97.4617
"928","2016/2/24","index","USDX",97.5089
"929","2016/2/25","index","USDX",97.4384
"930","2016/2/26","index","USDX",98.1378
"931","2016/2/29","index","USDX",98.2616
"932","2016/3/1","index","USDX",98.3451
"933","2016/3/2","index","USDX",98.1782
"934","2016/3/3","index","USDX",97.599
"935","2016/3/4","index","USDX",97.2084
"936","2016/3/7","index","USDX",97.116
"937","2016/3/8","index","USDX",97.1908
"938","2016/3/9","index","USDX",97.1776
"939","2016/3/10","index","USDX",96.1966
"940","2016/3/11","index","USDX",96.2259
"941","2016/3/14","index","USDX",96.581
"942","2016/3/15","index","USDX",96.6511
"943","2016/3/16","index","USDX",95.7504
"944","2016/3/17","index","USDX",94.8074
"945","2016/3/18","index","USDX",95.0613
"946","2016/3/21","index","USDX",95.4094
"947","2016/3/22","index","USDX",95.6661
"948","2016/3/23","index","USDX",96.0527
"949","2016/3/24","index","USDX",96.1199
"950","2016/3/25","index","USDX",96.2626
"951","2016/3/28","index","USDX",95.9617
"952","2016/3/29","index","USDX",95.177
"953","2016/3/30","index","USDX",94.8412
"954","2016/3/31","index","USDX",94.6281
"955","2016/4/1","index","USDX",94.5626
"956","2016/4/5","index","USDX",94.6133
"957","2016/4/6","index","USDX",94.3598
"958","2016/4/7","index","USDX",94.5356
"959","2016/4/8","index","USDX",94.2109
"960","2016/4/11","index","USDX",94.0088
"961","2016/4/12","index","USDX",94.044
"962","2016/4/13","index","USDX",94.8021
"963","2016/4/14","index","USDX",94.944
"964","2016/4/15","index","USDX",94.7018
"965","2016/4/18","index","USDX",94.4656
"966","2016/4/19","index","USDX",94.1132
"967","2016/4/20","index","USDX",94.537
"968","2016/4/21","index","USDX",94.6499
"969","2016/4/22","index","USDX",95.0753
"970","2016/4/25","index","USDX",94.757
"971","2016/4/26","index","USDX",94.5137
"972","2016/4/27","index","USDX",94.4046
"973","2016/4/28","index","USDX",93.7716
"974","2016/4/29","index","USDX",93.0482
"975","2016/5/3","index","USDX",93.074
"976","2016/5/4","index","USDX",93.2766
"977","2016/5/5","index","USDX",93.7589
"978","2016/5/6","index","USDX",93.851
"979","2016/5/9","index","USDX",94.1528
"980","2016/5/10","index","USDX",94.2693
"981","2016/5/11","index","USDX",93.842
"982","2016/5/12","index","USDX",94.1655
"983","2016/5/13","index","USDX",94.6182
"984","2016/5/16","index","USDX",94.5681
"985","2016/5/17","index","USDX",94.5705
"986","2016/5/18","index","USDX",95.196
"987","2016/5/19","index","USDX",95.3061
"988","2016/5/20","index","USDX",95.2969
"989","2016/5/23","index","USDX",95.244
"990","2016/5/24","index","USDX",95.632
"991","2016/5/25","index","USDX",95.3895
"992","2016/5/26","index","USDX",95.1449
"993","2016/5/27","index","USDX",95.7397
"994","2016/5/30","index","USDX",95.7093
"995","2016/5/31","index","USDX",95.8412
"996","2016/6/1","index","USDX",95.4214
"997","2016/6/2","index","USDX",95.5545
"998","2016/6/3","index","USDX",93.9222
"999","2016/6/6","index","USDX",94.0234
"1000","2016/6/7","index","USDX",93.8621
"1001","2016/6/8","index","USDX",93.5436
"1002","2016/6/13","index","USDX",94.4217
"1003","2016/6/14","index","USDX",94.9158
"1004","2016/6/15","index","USDX",94.6106
"1005","2016/6/16","index","USDX",94.6095
"1006","2016/6/17","index","USDX",94.1537
"1007","2016/6/20","index","USDX",93.6532
"1008","2016/6/21","index","USDX",94.069
"1009","2016/6/22","index","USDX",93.5461
"1010","2016/6/23","index","USDX",93.0873
"1011","2016/6/24","index","USDX",95.4392
"1012","2016/6/27","index","USDX",96.3817
"1013","2016/6/28","index","USDX",96.0549
"1014","2016/6/29","index","USDX",95.6621
"1015","2016/6/30","index","USDX",95.9526
"1016","2016/7/1","index","USDX",95.6655
"1017","2016/7/4","index","USDX",95.5253
"1018","2016/7/5","index","USDX",96.2122
"1019","2016/7/6","index","USDX",96.1037
"1020","2016/7/7","index","USDX",96.258
"1021","2016/7/8","index","USDX",96.2966
"1022","2016/7/11","index","USDX",96.5512
"1023","2016/7/12","index","USDX",96.5086
"1024","2016/7/13","index","USDX",96.3202
"1025","2016/7/14","index","USDX",96.123
"1026","2016/7/15","index","USDX",96.6855
"1027","2016/7/18","index","USDX",96.5465
"1028","2016/7/19","index","USDX",97.0385
"1029","2016/7/20","index","USDX",97.1415
"1030","2016/7/21","index","USDX",96.9488
"1031","2016/7/22","index","USDX",97.3526
"1032","2016/7/25","index","USDX",97.2587
"1033","2016/7/26","index","USDX",97.1654
"1034","2016/7/27","index","USDX",96.7846
"1035","2016/7/28","index","USDX",96.6868
"1036","2016/7/29","index","USDX",95.5534
"1037","2016/8/1","index","USDX",95.7776
"1038","2016/8/2","index","USDX",95.0976
"1039","2016/8/3","index","USDX",95.5488
"1040","2016/8/4","index","USDX",95.778
"1041","2016/8/5","index","USDX",96.2846
"1042","2016/8/8","index","USDX",96.3728
"1043","2016/8/9","index","USDX",96.1306
"1044","2016/8/10","index","USDX",95.5912
"1045","2016/8/11","index","USDX",95.9312
"1046","2016/8/12","index","USDX",95.7057
"1047","2016/8/15","index","USDX",95.6205
"1048","2016/8/16","index","USDX",94.7949
"1049","2016/8/17","index","USDX",94.7246
"1050","2016/8/18","index","USDX",94.1869
"1051","2016/8/19","index","USDX",94.4965
"1052","2016/8/22","index","USDX",94.5381
"1053","2016/8/23","index","USDX",94.5258
"1054","2016/8/24","index","USDX",94.7748
"1055","2016/8/25","index","USDX",94.7254
"1056","2016/8/26","index","USDX",95.47
"1057","2016/8/29","index","USDX",95.5805
"1058","2016/8/30","index","USDX",96.0527
"1059","2016/8/31","index","USDX",95.9868
"1060","2016/9/1","index","USDX",95.6454
"1061","2016/9/2","index","USDX",95.8821
"1062","2016/9/5","index","USDX",95.7791
"1063","2016/9/6","index","USDX",94.8647
"1064","2016/9/7","index","USDX",94.963
"1065","2016/9/8","index","USDX",95.01
"1066","2016/9/9","index","USDX",95.3598
"1067","2016/9/12","index","USDX",95.1432
"1068","2016/9/13","index","USDX",95.5621
"1069","2016/9/14","index","USDX",95.3221
"1070","2016/9/19","index","USDX",95.8503
"1071","2016/9/20","index","USDX",96.0086
"1072","2016/9/21","index","USDX",95.5055
"1073","2016/9/22","index","USDX",95.3801
"1074","2016/9/23","index","USDX",95.5001
"1075","2016/9/26","index","USDX",95.2986
"1076","2016/9/27","index","USDX",95.4499
"1077","2016/9/28","index","USDX",95.4275
"1078","2016/9/29","index","USDX",95.5172
"1079","2016/9/30","index","USDX",95.4426
"1080","2016/10/10","index","USDX",96.9018
"1081","2016/10/11","index","USDX",97.7289
"1082","2016/10/12","index","USDX",98.0003
"1083","2016/10/13","index","USDX",97.535
"1084","2016/10/14","index","USDX",98.1056
"1085","2016/10/17","index","USDX",97.8774
"1086","2016/10/18","index","USDX",97.8764
"1087","2016/10/19","index","USDX",97.8686
"1088","2016/10/20","index","USDX",98.3289
"1089","2016/10/21","index","USDX",98.6259
"1090","2016/10/24","index","USDX",98.7556
"1091","2016/10/25","index","USDX",98.7254
"1092","2016/10/26","index","USDX",98.6148
"1093","2016/10/27","index","USDX",98.916
"1094","2016/10/28","index","USDX",98.3022
"1095","2016/10/31","index","USDX",98.3517
"1096","2016/11/1","index","USDX",97.735
"1097","2016/11/2","index","USDX",97.3731
"1098","2016/11/3","index","USDX",97.1597
"1099","2016/11/4","index","USDX",96.9016
"1100","2016/11/7","index","USDX",97.7372
"1101","2016/11/8","index","USDX",97.873
"1102","2016/11/9","index","USDX",98.6637
"1103","2016/11/10","index","USDX",98.7808
"1104","2016/11/11","index","USDX",98.9723
"1105","2016/11/14","index","USDX",100.021
"1106","2016/11/15","index","USDX",100.197
"1107","2016/11/16","index","USDX",100.379
"1108","2016/11/17","index","USDX",100.952
"1109","2016/11/18","index","USDX",101.342
"1110","2016/11/21","index","USDX",100.892
"1111","2016/11/22","index","USDX",101.019
"1112","2016/11/23","index","USDX",101.666
"1113","2016/11/24","index","USDX",101.739
"1114","2016/11/25","index","USDX",101.499
"1115","2016/11/28","index","USDX",101.182
"1116","2016/11/29","index","USDX",100.955
"1117","2016/11/30","index","USDX",101.573
"1118","2016/12/1","index","USDX",100.948
"1119","2016/12/2","index","USDX",100.695
"1120","2016/12/5","index","USDX",100.133
"1121","2016/12/6","index","USDX",100.48
"1122","2016/12/7","index","USDX",100.233
"1123","2016/12/8","index","USDX",101.099
"1124","2016/12/9","index","USDX",101.57
"1125","2016/12/12","index","USDX",100.971
"1126","2016/12/13","index","USDX",101.051
"1127","2016/12/14","index","USDX",102.041
"1128","2016/12/15","index","USDX",103.151
"1129","2016/12/16","index","USDX",102.802
"1130","2016/12/19","index","USDX",103.135
"1131","2016/12/20","index","USDX",103.303
"1132","2016/12/21","index","USDX",103.038
"1133","2016/12/22","index","USDX",103.076
"1134","2016/12/23","index","USDX",102.987
"1135","2016/12/26","index","USDX",102.939
"1136","2016/12/27","index","USDX",103.035
"1137","2016/12/28","index","USDX",103.291
"1138","2016/12/29","index","USDX",102.624
"1139","2016/12/30","index","USDX",102.384
"1140","2017/1/3","index","USDX",103.282
"1141","2017/1/4","index","USDX",102.511
"1142","2017/1/5","index","USDX",101.4
"1143","2017/1/6","index","USDX",102.187
"1144","2017/1/9","index","USDX",101.957
"1145","2017/1/10","index","USDX",102.039
"1146","2017/1/11","index","USDX",101.73
"1147","2017/1/12","index","USDX",101.454
"1148","2017/1/13","index","USDX",101.187
"1149","2017/1/16","index","USDX",101.606
"1150","2017/1/17","index","USDX",100.269
"1151","2017/1/18","index","USDX",101.337
"1152","2017/1/19","index","USDX",101.13
"1153","2017/1/20","index","USDX",100.793
"1154","2017/1/23","index","USDX",100.277
"1155","2017/1/24","index","USDX",99.934
"1156","2017/1/25","index","USDX",99.934
"1157","2017/1/26","index","USDX",100.507
"1158","2017/2/3","index","USDX",99.7261
"1159","2017/2/6","index","USDX",99.878
"1160","2017/2/7","index","USDX",100.4
"1161","2017/2/8","index","USDX",100.174
"1162","2017/2/9","index","USDX",100.664
"1163","2017/2/10","index","USDX",100.715
"1164","2017/2/13","index","USDX",101.004
"1165","2017/2/14","index","USDX",101.221
"1166","2017/2/15","index","USDX",101.088
"1167","2017/2/16","index","USDX",100.481
"1168","2017/2/17","index","USDX",100.887
"1169","2017/2/20","index","USDX",100.906
"1170","2017/2/21","index","USDX",101.455
"1171","2017/2/22","index","USDX",101.33
"1172","2017/2/23","index","USDX",100.973
"1173","2017/2/24","index","USDX",101.12
"1174","2017/2/27","index","USDX",101.155
"1175","2017/2/28","index","USDX",101.344
"1176","2017/3/1","index","USDX",101.741
"1177","2017/3/2","index","USDX",102.149
"1178","2017/3/3","index","USDX",101.342
"1179","2017/3/6","index","USDX",101.675
"1180","2017/3/7","index","USDX",101.821
"1181","2017/3/8","index","USDX",102.11
"1182","2017/3/9","index","USDX",101.987
"1183","2017/3/10","index","USDX",101.383
"1184","2017/3/13","index","USDX",101.379
"1185","2017/3/14","index","USDX",101.761
"1186","2017/3/15","index","USDX",100.538
"1187","2017/3/16","index","USDX",100.271
"1188","2017/3/17","index","USDX",100.341
"1189","2017/3/20","index","USDX",100.354
"1190","2017/3/21","index","USDX",99.7274
"1191","2017/3/22","index","USDX",99.6992
"1192","2017/3/23","index","USDX",99.7485
"1193","2017/3/24","index","USDX",99.7709
"1194","2017/3/27","index","USDX",99.2249
"1195","2017/3/28","index","USDX",99.701
"1196","2017/3/29","index","USDX",99.9462
"1197","2017/3/30","index","USDX",100.581
"1198","2017/3/31","index","USDX",100.545
"1199","2017/4/5","index","USDX",100.579
"1200","2017/4/6","index","USDX",100.709
"1201","2017/4/7","index","USDX",101.165
"1202","2017/4/10","index","USDX",101.018
"1203","2017/4/11","index","USDX",100.72
"1204","2017/4/12","index","USDX",100.165
"1205","2017/4/13","index","USDX",100.584
"1206","2017/4/14","index","USDX",100.512
"1207","2017/4/17","index","USDX",100.313
"1208","2017/4/18","index","USDX",99.513
"1209","2017/4/19","index","USDX",99.8171
"1210","2017/4/20","index","USDX",99.8058
"1211","2017/4/21","index","USDX",99.7403
"1212","2017/4/24","index","USDX",99.0265
"1213","2017/4/25","index","USDX",98.8372
"1214","2017/4/26","index","USDX",98.978
"1215","2017/4/27","index","USDX",99.1631
"1216","2017/4/28","index","USDX",99.0368
"1217","2017/5/2","index","USDX",98.9325
"1218","2017/5/3","index","USDX",99.0878
"1219","2017/5/4","index","USDX",98.7511
"1220","2017/5/5","index","USDX",98.584
"1221","2017/5/8","index","USDX",99.151
"1222","2017/5/9","index","USDX",99.5734
"1223","2017/5/10","index","USDX",99.6212
"1224","2017/5/11","index","USDX",99.6579
"1225","2017/5/12","index","USDX",99.1858
"1226","2017/5/15","index","USDX",98.9346
"1227","2017/5/16","index","USDX",98.2139
"1228","2017/5/17","index","USDX",97.4353
"1229","2017/5/18","index","USDX",97.8725
"1230","2017/5/19","index","USDX",97.1115
"1231","2017/5/22","index","USDX",96.9833
"1232","2017/5/23","index","USDX",97.3714
"1233","2017/5/24","index","USDX",97.0466
"1234","2017/5/25","index","USDX",97.2128
"1235","2017/5/26","index","USDX",97.4092
"1236","2017/5/31","index","USDX",96.9672
"1237","2017/6/1","index","USDX",97.2179
"1238","2017/6/2","index","USDX",96.6578
"1239","2017/6/5","index","USDX",96.8166
"1240","2017/6/6","index","USDX",96.5493
"1241","2017/6/7","index","USDX",96.7215
"1242","2017/6/8","index","USDX",96.97
"1243","2017/6/9","index","USDX",97.277
"1244","2017/6/12","index","USDX",97.1883
"1245","2017/6/13","index","USDX",96.9989
"1246","2017/6/14","index","USDX",96.9185
"1247","2017/6/15","index","USDX",97.5066
"1248","2017/6/16","index","USDX",97.1413
"1249","2017/6/19","index","USDX",97.5345
"1250","2017/6/20","index","USDX",97.7437
"1251","2017/6/21","index","USDX",97.5393
"1252","2017/6/22","index","USDX",97.5421
"1253","2017/6/23","index","USDX",97.3036
"1254","2017/6/26","index","USDX",97.4164
"1255","2017/6/27","index","USDX",96.4852
"1256","2017/6/28","index","USDX",96.049
"1257","2017/6/29","index","USDX",95.5782
"1258","2017/6/30","index","USDX",95.6309
"1259","2017/7/3","index","USDX",96.1937
"1260","2017/7/4","index","USDX",96.28
"1261","2017/7/5","index","USDX",96.2116
"1262","2017/7/6","index","USDX",95.8078
"1263","2017/7/7","index","USDX",96.0148
"1264","2017/7/10","index","USDX",96.0471
"1265","2017/7/11","index","USDX",95.7363
"1266","2017/7/12","index","USDX",95.7885
"1267","2017/7/13","index","USDX",95.781
"1268","2017/7/14","index","USDX",95.1254
"1269","2017/7/17","index","USDX",95.1459
"1270","2017/7/18","index","USDX",94.6651
"1271","2017/7/19","index","USDX",94.8471
"1272","2017/7/20","index","USDX",94.271
"1273","2017/7/21","index","USDX",93.9659
"1274","2017/7/24","index","USDX",94.0031
"1275","2017/7/25","index","USDX",94.0928
"1276","2017/7/26","index","USDX",93.4542
"1277","2017/7/27","index","USDX",93.9235
"1278","2017/7/28","index","USDX",93.3462
"1279","2017/7/31","index","USDX",92.8091
"1280","2017/8/1","index","USDX",93.0739
"1281","2017/8/2","index","USDX",92.8846
"1282","2017/8/3","index","USDX",92.8244
"1283","2017/8/4","index","USDX",93.4882
"1284","2017/8/7","index","USDX",93.4194
"1285","2017/8/8","index","USDX",93.6178
"1286","2017/8/9","index","USDX",93.5315
"1287","2017/8/10","index","USDX",93.4009
"1288","2017/8/11","index","USDX",93.0967
"1289","2017/8/14","index","USDX",93.4316
"1290","2017/8/15","index","USDX",93.8514
"1291","2017/8/16","index","USDX",93.5111
"1292","2017/8/17","index","USDX",93.7214
"1293","2017/8/18","index","USDX",93.4448
"1294","2017/8/21","index","USDX",93.091
"1295","2017/8/22","index","USDX",93.499
"1296","2017/8/23","index","USDX",93.2228
"1297","2017/8/24","index","USDX",93.2973
"1298","2017/8/25","index","USDX",92.5451
"1299","2017/8/28","index","USDX",92.2466
"1300","2017/8/29","index","USDX",92.3366
"1301","2017/8/30","index","USDX",92.9046
"1302","2017/8/31","index","USDX",92.6243
"1303","2017/9/1","index","USDX",92.8562
"1304","2017/9/4","index","USDX",92.6314
"1305","2017/9/5","index","USDX",92.3102
"1306","2017/9/6","index","USDX",92.2454
"1307","2017/9/7","index","USDX",91.5168
"1308","2017/9/8","index","USDX",91.3261
"1309","2017/9/11","index","USDX",91.9411
"1310","2017/9/12","index","USDX",91.9157
"1311","2017/9/13","index","USDX",92.4112
"1312","2017/9/14","index","USDX",92.05
"1313","2017/9/15","index","USDX",91.8458
"1314","2017/9/18","index","USDX",92.0294
"1315","2017/9/19","index","USDX",91.8377
"1316","2017/9/20","index","USDX",92.4524
"1317","2017/9/21","index","USDX",92.1717
"1318","2017/9/22","index","USDX",92.1699
"1319","2017/9/25","index","USDX",92.6519
"1320","2017/9/26","index","USDX",92.9924
"1321","2017/9/27","index","USDX",93.4568
"1322","2017/9/28","index","USDX",93.1026
"1323","2017/9/29","index","USDX",93.0711
"1324","2017/10/9","index","USDX",93.7317
"1325","2017/10/10","index","USDX",93.2796
"1326","2017/10/11","index","USDX",92.9779
"1327","2017/10/12","index","USDX",93.1063
"1328","2017/10/13","index","USDX",93.0662
"1329","2017/10/16","index","USDX",93.2807
"1330","2017/10/17","index","USDX",93.507
"1331","2017/10/18","index","USDX",93.4479
"1332","2017/10/19","index","USDX",93.1283
"1333","2017/10/20","index","USDX",93.6925
"1334","2017/10/23","index","USDX",93.8421
"1335","2017/10/24","index","USDX",93.9471
"1336","2017/10/25","index","USDX",93.6546
"1337","2017/10/26","index","USDX",94.6412
"1338","2017/10/27","index","USDX",94.8144
"1339","2017/10/30","index","USDX",94.4935
"1340","2017/10/31","index","USDX",94.5674
"1341","2017/11/1","index","USDX",94.8026
"1342","2017/11/2","index","USDX",94.7096
"1343","2017/11/3","index","USDX",94.9225
"1344","2017/11/6","index","USDX",94.7371
"1345","2017/11/7","index","USDX",94.8989
"1346","2017/11/8","index","USDX",94.8489
"1347","2017/11/9","index","USDX",94.5085
"1348","2017/11/10","index","USDX",94.3822
"1349","2017/11/13","index","USDX",94.5013
"1350","2017/11/14","index","USDX",93.8166
"1351","2017/11/15","index","USDX",93.8102
"1352","2017/11/16","index","USDX",93.9119
"1353","2017/11/17","index","USDX",93.6868
"1354","2017/11/20","index","USDX",94.0791
"1355","2017/11/21","index","USDX",93.9702
"1356","2017/11/22","index","USDX",93.2385
"1357","2017/11/23","index","USDX",93.1272
"1358","2017/11/24","index","USDX",92.7527
"1359","2017/11/27","index","USDX",92.923
"1360","2017/11/28","index","USDX",93.2754
"1361","2017/11/29","index","USDX",93.2756
"1362","2017/11/30","index","USDX",93.0139
"1363","2017/12/1","index","USDX",92.8789
"1364","2017/12/4","index","USDX",93.0878
"1365","2017/12/5","index","USDX",93.3116
"1366","2017/12/6","index","USDX",93.5703
"1367","2017/12/7","index","USDX",93.7786
"1368","2017/12/8","index","USDX",93.8722
"1369","2017/12/11","index","USDX",93.9567
"1370","2017/12/12","index","USDX",94.066
"1371","2017/12/13","index","USDX",93.4266
"1372","2017/12/14","index","USDX",93.629
"1373","2017/12/15","index","USDX",93.9475
"1374","2017/12/18","index","USDX",93.7026
"1375","2017/12/19","index","USDX",93.4576
"1376","2017/12/20","index","USDX",93.3607
"1377","2017/12/21","index","USDX",93.2662
"1378","2017/12/22","index","USDX",93.2987
"1379","2017/12/25","index","USDX",93.2437
"1380","2017/12/26","index","USDX",93.287
"1381","2017/12/27","index","USDX",93.0742
"1382","2017/12/28","index","USDX",92.6468
"1383","2017/12/29","index","USDX",92.2574
"1384","2018/1/2","index","USDX",91.8616
"1385","2018/1/3","index","USDX",92.1708
"1386","2018/1/4","index","USDX",91.8691
"1387","2018/1/5","index","USDX",92.0268
"1388","2018/1/8","index","USDX",92.3351
"1389","2018/1/9","index","USDX",92.5063
"1390","2018/1/10","index","USDX",92.3791
"1391","2018/1/11","index","USDX",91.9163
"1392","2018/1/12","index","USDX",90.8615
"1393","2018/1/15","index","USDX",90.4354
"1394","2018/1/16","index","USDX",90.4671
"1395","2018/1/17","index","USDX",90.8823
"1396","2018/1/18","index","USDX",90.5232
"1397","2018/1/19","index","USDX",90.7025
"1398","2018/1/22","index","USDX",90.3726
"1399","2018/1/23","index","USDX",90.0919
"1400","2018/1/24","index","USDX",89.2033
"1401","2018/1/25","index","USDX",89.3528
"1402","2018/1/26","index","USDX",89.0205
"1403","2018/1/29","index","USDX",89.3578
"1404","2018/1/30","index","USDX",89.1844
"1405","2018/1/31","index","USDX",89.1201
"1406","2018/2/1","index","USDX",88.6486
"1407","2018/2/2","index","USDX",89.1901
"1408","2018/2/5","index","USDX",89.6852
"1409","2018/2/6","index","USDX",89.6655
"1410","2018/2/7","index","USDX",90.3016
"1411","2018/2/8","index","USDX",90.3033
"1412","2018/2/9","index","USDX",90.3347
"1413","2018/2/12","index","USDX",90.1347
"1414","2018/2/13","index","USDX",89.7212
"1415","2018/2/14","index","USDX",89.0168
"1416","2018/2/22","index","USDX",89.7418
"1417","2018/2/23","index","USDX",89.8892
"1418","2018/2/26","index","USDX",89.871
"1419","2018/2/27","index","USDX",90.379
"1420","2018/2/28","index","USDX",90.6693
"1421","2018/3/1","index","USDX",90.2646
"1422","2018/3/2","index","USDX",89.9991
"1423","2018/3/5","index","USDX",89.9968
"1424","2018/3/6","index","USDX",89.5933
"1425","2018/3/7","index","USDX",89.5903
"1426","2018/3/8","index","USDX",90.1302
"1427","2018/3/9","index","USDX",90.1342
"1428","2018/3/12","index","USDX",89.9221
"1429","2018/3/13","index","USDX",89.7235
"1430","2018/3/14","index","USDX",89.766
"1431","2018/3/15","index","USDX",90.1284
"1432","2018/3/16","index","USDX",90.1899
"1433","2018/3/19","index","USDX",89.9199
"1434","2018/3/20","index","USDX",90.4277
"1435","2018/3/21","index","USDX",89.708
"1436","2018/3/22","index","USDX",89.8605
"1437","2018/3/23","index","USDX",89.5147
"1438","2018/3/26","index","USDX",89.0738
"1439","2018/3/27","index","USDX",89.3451
"1440","2018/3/28","index","USDX",90.0856
"1441","2018/3/29","index","USDX",90.0937
"1442","2018/3/30","index","USDX",89.9829
"1443","2018/4/2","index","USDX",90.0335
"1444","2018/4/3","index","USDX",90.1819
"1445","2018/4/4","index","USDX",90.1421
"1446","2018/4/9","index","USDX",89.8399
"1447","2018/4/10","index","USDX",89.6213
"1448","2018/4/11","index","USDX",89.5242
"1449","2018/4/12","index","USDX",89.7856
"1450","2018/4/13","index","USDX",89.805
"1451","2018/4/16","index","USDX",89.4372
"1452","2018/4/17","index","USDX",89.5012
"1453","2018/4/18","index","USDX",89.6321
"1454","2018/4/19","index","USDX",89.8928
"1455","2018/4/20","index","USDX",90.3313
"1456","2018/4/23","index","USDX",90.9279
"1457","2018/4/24","index","USDX",90.7981
"1458","2018/4/25","index","USDX",91.2584
"1459","2018/4/26","index","USDX",91.5845
"1460","2018/4/27","index","USDX",91.511
"1461","2018/5/2","index","USDX",92.7494
"1462","2018/5/3","index","USDX",92.4228
"1463","2018/5/4","index","USDX",92.581
"1464","2018/5/7","index","USDX",92.7726
"1465","2018/5/8","index","USDX",93.0814
"1466","2018/5/9","index","USDX",93.1134
"1467","2018/5/10","index","USDX",92.7175
"1468","2018/5/11","index","USDX",92.5769
"1469","2018/5/14","index","USDX",92.6826
"1470","2018/5/15","index","USDX",93.2779
"1471","2018/5/16","index","USDX",93.3775
"1472","2018/5/17","index","USDX",93.4842
"1473","2018/5/18","index","USDX",93.6896
"1474","2018/5/21","index","USDX",93.5508
"1475","2018/5/22","index","USDX",93.6027
"1476","2018/5/23","index","USDX",93.9976
"1477","2018/5/24","index","USDX",93.7907
"1478","2018/5/25","index","USDX",94.2705
"1479","2018/5/28","index","USDX",94.4202
"1480","2018/5/29","index","USDX",94.8624
"1481","2018/5/30","index","USDX",94.0998
"1482","2018/5/31","index","USDX",93.9859
"1483","2018/6/1","index","USDX",94.1982
"1484","2018/6/4","index","USDX",94.0243
"1485","2018/6/5","index","USDX",93.8748
"1486","2018/6/6","index","USDX",93.6355
"1487","2018/6/7","index","USDX",93.4379
"1488","2018/6/8","index","USDX",93.5504
"1489","2018/6/11","index","USDX",93.5841
"1490","2018/6/12","index","USDX",93.8341
"1491","2018/6/13","index","USDX",93.5677
"1492","2018/6/14","index","USDX",94.9264
"1493","2018/6/15","index","USDX",94.8066
"1494","2018/6/19","index","USDX",95.0029
"1495","2018/6/20","index","USDX",95.1234
"1496","2018/6/21","index","USDX",94.8833
"1497","2018/6/22","index","USDX",94.5456
"1498","2018/6/25","index","USDX",94.299
"1499","2018/6/26","index","USDX",94.6765
"1500","2018/6/27","index","USDX",95.3278
"1501","2018/6/28","index","USDX",95.2788
"1502","2018/6/29","index","USDX",94.5183
"1503","2018/7/2","index","USDX",94.854
"1504","2018/7/3","index","USDX",94.5893
"1505","2018/7/4","index","USDX",94.5441
"1506","2018/7/5","index","USDX",94.3866
"1507","2018/7/6","index","USDX",94.0193
"1508","2018/7/9","index","USDX",94.073
"1509","2018/7/10","index","USDX",94.1122
"1510","2018/7/11","index","USDX",94.7371
"1511","2018/7/12","index","USDX",94.8081
"1512","2018/7/13","index","USDX",94.7016
"1513","2018/7/16","index","USDX",94.5135
"1514","2018/7/17","index","USDX",94.9727
"1515","2018/7/18","index","USDX",95.1047
"1516","2018/7/19","index","USDX",95.1939
"1517","2018/7/20","index","USDX",94.4722
"1518","2018/7/23","index","USDX",94.6368
"1519","2018/7/24","index","USDX",94.5978
"1520","2018/7/25","index","USDX",94.2175
"1521","2018/7/26","index","USDX",94.7715
"1522","2018/7/27","index","USDX",94.6902
"1523","2018/7/30","index","USDX",94.2849
"1524","2018/7/31","index","USDX",94.5372
"1525","2018/8/1","index","USDX",94.6703
"1526","2018/8/2","index","USDX",95.1767
"1527","2018/8/3","index","USDX",95.2173
"1528","2018/8/6","index","USDX",95.3709
"1529","2018/8/7","index","USDX",95.1809
"1530","2018/8/8","index","USDX",95.1103
"1531","2018/8/9","index","USDX",95.6187
"1532","2018/8/10","index","USDX",96.329
"1533","2018/8/13","index","USDX",96.2934
"1534","2018/8/14","index","USDX",96.6668
"1535","2018/8/15","index","USDX",96.7211
"1536","2018/8/16","index","USDX",96.5895
"1537","2018/8/17","index","USDX",96.1236
"1538","2018/8/20","index","USDX",95.7935
"1539","2018/8/21","index","USDX",95.2557
"1540","2018/8/22","index","USDX",95.0982
"1541","2018/8/23","index","USDX",95.636
"1542","2018/8/24","index","USDX",95.1737
"1543","2018/8/27","index","USDX",94.7774
"1544","2018/8/28","index","USDX",94.715
"1545","2018/8/29","index","USDX",94.54
"1546","2018/8/30","index","USDX",94.6792
"1547","2018/8/31","index","USDX",95.1213
"1548","2018/9/3","index","USDX",95.1228
"1549","2018/9/4","index","USDX",95.4349
"1550","2018/9/5","index","USDX",95.1148
"1551","2018/9/6","index","USDX",95.0357
"1552","2018/9/7","index","USDX",95.4137
"1553","2018/9/10","index","USDX",95.1642
"1554","2018/9/11","index","USDX",95.0799
"1555","2018/9/12","index","USDX",94.8474
"1556","2018/9/13","index","USDX",94.5379
"1557","2018/9/14","index","USDX",94.9766
"1558","2018/9/17","index","USDX",94.52
"1559","2018/9/18","index","USDX",94.6383
"1560","2018/9/19","index","USDX",94.5516
"1561","2018/9/20","index","USDX",93.9024
"1562","2018/9/21","index","USDX",94.2118
"1563","2018/9/25","index","USDX",94.154
"1564","2018/9/26","index","USDX",94.3075
"1565","2018/9/27","index","USDX",94.9888
"1566","2018/9/28","index","USDX",95.1904
"1567","2018/10/8","index","USDX",95.7697
"1568","2018/10/9","index","USDX",95.7095
"1569","2018/10/10","index","USDX",95.5296
"1570","2018/10/11","index","USDX",95.029
"1571","2018/10/12","index","USDX",95.2616
"1572","2018/10/15","index","USDX",95.0703
"1573","2018/10/16","index","USDX",95.0824
"1574","2018/10/17","index","USDX",95.6375
"1575","2018/10/18","index","USDX",95.9724
"1576","2018/10/19","index","USDX",95.6668
"1577","2018/10/22","index","USDX",96.0334
"1578","2018/10/23","index","USDX",95.9466
"1579","2018/10/24","index","USDX",96.431
"1580","2018/10/25","index","USDX",96.5938
"1581","2018/10/26","index","USDX",96.407
"1582","2018/10/29","index","USDX",96.6906
"1583","2018/10/30","index","USDX",96.9917
"1584","2018/10/31","index","USDX",97.1301
"1585","2018/11/1","index","USDX",96.2899
"1586","2018/11/2","index","USDX",96.5097
"1587","2018/11/5","index","USDX",96.3465
"1588","2018/11/6","index","USDX",96.2318
"1589","2018/11/7","index","USDX",96.1946
"1590","2018/11/8","index","USDX",96.6624
"1591","2018/11/9","index","USDX",96.9083
"1592","2018/11/12","index","USDX",97.6889
"1593","2018/11/13","index","USDX",97.1441
"1594","2018/11/14","index","USDX",97.0442
"1595","2018/11/15","index","USDX",97.0715
"1596","2018/11/16","index","USDX",96.4179
"1597","2018/11/19","index","USDX",96.2076
"1598","2018/11/20","index","USDX",96.8155
"1599","2018/11/21","index","USDX",96.7376
"1600","2018/11/22","index","USDX",96.4915
"1601","2018/11/23","index","USDX",96.9526
"1602","2018/11/26","index","USDX",97.0837
"1603","2018/11/27","index","USDX",97.3512
"1604","2018/11/28","index","USDX",96.8641
"1605","2018/11/29","index","USDX",96.7661
"1606","2018/11/30","index","USDX",97.1997
"1607","2018/12/3","index","USDX",96.9673
"1608","2018/12/4","index","USDX",96.9723
"1609","2018/12/5","index","USDX",97.0312
"1610","2018/12/6","index","USDX",96.7716
"1611","2018/12/7","index","USDX",96.7226
"1612","2018/12/10","index","USDX",97.2071
"1613","2018/12/11","index","USDX",97.4722
"1614","2018/12/12","index","USDX",97.0508
"1615","2018/12/13","index","USDX",97.0971
"1616","2018/12/14","index","USDX",97.4449
"1617","2018/12/17","index","USDX",97.1349
"1618","2018/12/18","index","USDX",97.0587
"1619","2018/12/19","index","USDX",97.0264
"1620","2018/12/20","index","USDX",96.4473
"1621","2018/12/21","index","USDX",96.9549
"1622","2018/12/24","index","USDX",96.5814
"1623","2018/12/25","index","USDX",96.6675
"1624","2018/12/26","index","USDX",97.0593
"1625","2018/12/27","index","USDX",96.585
"1626","2018/12/28","index","USDX",96.3738
"1627","2019/1/2","index","USDX",96.7825
"1628","2019/1/3","index","USDX",96.2734
"1629","2019/1/4","index","USDX",96.2149
"1630","2019/1/7","index","USDX",95.6951
"1631","2019/1/8","index","USDX",95.9168
"1632","2019/1/9","index","USDX",95.2032
"1633","2019/1/10","index","USDX",95.5394
"1634","2019/1/11","index","USDX",95.6584
"1635","2019/1/14","index","USDX",95.5973
"1636","2019/1/15","index","USDX",95.952
"1637","2019/1/16","index","USDX",96.1044
"1638","2019/1/17","index","USDX",96.0801
"1639","2019/1/18","index","USDX",96.3694
"1640","2019/1/21","index","USDX",96.3519
"1641","2019/1/22","index","USDX",96.3232
"1642","2019/1/23","index","USDX",96.1397
"1643","2019/1/24","index","USDX",96.5469
"1644","2019/1/25","index","USDX",95.8193
"1645","2019/1/28","index","USDX",95.7562
"1646","2019/1/29","index","USDX",95.8337
"1647","2019/1/30","index","USDX",95.4278
"1648","2019/1/31","index","USDX",95.5533
"1649","2019/2/1","index","USDX",95.61
"1650","2019/2/11","index","USDX",97.0593
"1651","2019/2/12","index","USDX",96.7336
"1652","2019/2/13","index","USDX",97.1903
"1653","2019/2/14","index","USDX",97.0177
"1654","2019/2/15","index","USDX",96.9181
"1655","2019/2/18","index","USDX",96.8024
"1656","2019/2/19","index","USDX",96.5187
"1657","2019/2/20","index","USDX",96.5589
"1658","2019/2/21","index","USDX",96.6191
"1659","2019/2/22","index","USDX",96.5418
"1660","2019/2/25","index","USDX",96.439
"1661","2019/2/26","index","USDX",96.0739
"1662","2019/2/27","index","USDX",96.1537
"1663","2019/2/28","index","USDX",96.2218
"1664","2019/3/1","index","USDX",96.4637
"1665","2019/3/4","index","USDX",96.6204
"1666","2019/3/5","index","USDX",96.8389
"1667","2019/3/6","index","USDX",96.8877
"1668","2019/3/7","index","USDX",97.612
"1669","2019/3/8","index","USDX",97.3722
"1670","2019/3/11","index","USDX",97.1805
"1671","2019/3/12","index","USDX",97.008
"1672","2019/3/13","index","USDX",96.4689
"1673","2019/3/14","index","USDX",96.7571
"1674","2019/3/15","index","USDX",96.5434
"1675","2019/3/18","index","USDX",96.5008
"1676","2019/3/19","index","USDX",96.4032
"1677","2019/3/20","index","USDX",96.0136
"1678","2019/3/21","index","USDX",96.3545
"1679","2019/3/22","index","USDX",96.6066
"1680","2019/3/25","index","USDX",96.5353
"1681","2019/3/26","index","USDX",96.8234
"1682","2019/3/27","index","USDX",96.9658
"1683","2019/3/28","index","USDX",97.2479
"1684","2019/3/29","index","USDX",97.2456
"1685","2019/4/1","index","USDX",97.2437
"1686","2019/4/2","index","USDX",97.2934
"1687","2019/4/3","index","USDX",97.1373
"1688","2019/4/4","index","USDX",97.3158
"1689","2019/4/8","index","USDX",97.0592
"1690","2019/4/9","index","USDX",97.0363
"1691","2019/4/10","index","USDX",96.9309
"1692","2019/4/11","index","USDX",97.2004
"1693","2019/4/12","index","USDX",96.9491
"1694","2019/4/15","index","USDX",96.937
"1695","2019/4/16","index","USDX",97.0847
"1696","2019/4/17","index","USDX",97.0334
"1697","2019/4/18","index","USDX",97.4526
"1698","2019/4/19","index","USDX",97.375
"1699","2019/4/22","index","USDX",97.2956
"1700","2019/4/23","index","USDX",97.5748
"1701","2019/4/24","index","USDX",98.0905
"1702","2019/4/25","index","USDX",98.1789
"1703","2019/4/26","index","USDX",98.033
"1704","2019/4/29","index","USDX",97.8394
"1705","2019/4/30","index","USDX",97.5235
"1706","2019/5/6","index","USDX",97.5324
"1707","2019/5/7","index","USDX",97.5656
"1708","2019/5/8","index","USDX",97.6226
"1709","2019/5/9","index","USDX",97.463
"1710","2019/5/10","index","USDX",97.3356
"1711","2019/5/13","index","USDX",97.3815
"1712","2019/5/14","index","USDX",97.5378
"1713","2019/5/15","index","USDX",97.5889
"1714","2019/5/16","index","USDX",97.8354
"1715","2019/5/17","index","USDX",98.0264
"1716","2019/5/20","index","USDX",97.9454
"1717","2019/5/21","index","USDX",98.04
"1718","2019/5/22","index","USDX",98.1173
"1719","2019/5/23","index","USDX",97.874
"1720","2019/5/24","index","USDX",97.6021
"1721","2019/5/27","index","USDX",97.7507
"1722","2019/5/28","index","USDX",97.9751
"1723","2019/5/29","index","USDX",98.1732
"1724","2019/5/30","index","USDX",98.1825
"1725","2019/5/31","index","USDX",97.774
"1726","2019/6/3","index","USDX",97.2363
"1727","2019/6/4","index","USDX",97.1364
"1728","2019/6/5","index","USDX",97.3606
"1729","2019/6/6","index","USDX",97.0232
"1730","2019/6/10","index","USDX",96.7855
"1731","2019/6/11","index","USDX",96.7189
"1732","2019/6/12","index","USDX",97.0029
"1733","2019/6/13","index","USDX",97.0413
"1734","2019/6/14","index","USDX",97.5614
"1735","2019/6/17","index","USDX",97.557
"1736","2019/6/18","index","USDX",97.6464
"1737","2019/6/19","index","USDX",97.26
"1738","2019/6/20","index","USDX",96.6437
"1739","2019/6/21","index","USDX",96.202
"1740","2019/6/24","index","USDX",95.9843
"1741","2019/6/25","index","USDX",96.1886
"1742","2019/6/26","index","USDX",96.2205
"1743","2019/6/27","index","USDX",96.2102
"1744","2019/6/28","index","USDX",96.193
"1745","2019/7/1","index","USDX",96.8288
"1746","2019/7/2","index","USDX",96.7702
"1747","2019/7/3","index","USDX",96.7788
"1748","2019/7/4","index","USDX",96.7281
"1749","2019/7/5","index","USDX",97.2614
"1750","2019/7/8","index","USDX",97.3728
"1751","2019/7/9","index","USDX",97.498
"1752","2019/7/10","index","USDX",97.1326
"1753","2019/7/11","index","USDX",97.0721
"1754","2019/7/12","index","USDX",96.8225
"1755","2019/7/15","index","USDX",96.9483
"1756","2019/7/16","index","USDX",97.376
"1757","2019/7/17","index","USDX",97.2121
"1758","2019/7/18","index","USDX",96.705
"1759","2019/7/19","index","USDX",97.1245
"1760","2019/7/22","index","USDX",97.2795
"1761","2019/7/23","index","USDX",97.7003
"1762","2019/7/24","index","USDX",97.6896
"1763","2019/7/25","index","USDX",97.7953
"1764","2019/7/26","index","USDX",97.9996
"1765","2019/7/29","index","USDX",98.0549
"1766","2019/7/30","index","USDX",98.0727
"1767","2019/7/31","index","USDX",98.5667
"1768","2019/8/1","index","USDX",98.3697
"1769","2019/8/2","index","USDX",98.0843
"1770","2019/8/5","index","USDX",97.5065
"1771","2019/8/6","index","USDX",97.608
"1772","2019/8/7","index","USDX",97.6404
"1773","2019/8/8","index","USDX",97.6605
"1774","2019/8/9","index","USDX",97.571
"1775","2019/8/12","index","USDX",97.418
"1776","2019/8/13","index","USDX",97.8363
"1777","2019/8/14","index","USDX",97.9925
"1778","2019/8/15","index","USDX",98.0978
"1779","2019/8/16","index","USDX",98.2049
"1780","2019/8/19","index","USDX",98.3806
"1781","2019/8/20","index","USDX",98.1593
"1782","2019/8/21","index","USDX",98.2978
"1783","2019/8/22","index","USDX",98.2136
"1784","2019/8/23","index","USDX",97.652
"1785","2019/8/26","index","USDX",98.0482
"1786","2019/8/27","index","USDX",98.0177
"1787","2019/8/28","index","USDX",98.2418
"1788","2019/8/29","index","USDX",98.4574
"1789","2019/8/30","index","USDX",98.8366
"1790","2019/9/2","index","USDX",99.0527
"1791","2019/9/3","index","USDX",98.9535
"1792","2019/9/4","index","USDX",98.4002
"1793","2019/9/5","index","USDX",98.3982
"1794","2019/9/6","index","USDX",98.4188
"1795","2019/9/9","index","USDX",98.3237
"1796","2019/9/10","index","USDX",98.3749
"1797","2019/9/11","index","USDX",98.6267
"1798","2019/9/12","index","USDX",98.3636
"1799","2019/9/16","index","USDX",98.6328
"1800","2019/9/17","index","USDX",98.2172
"1801","2019/9/18","index","USDX",98.5757
"1802","2019/9/19","index","USDX",98.3674
"1803","2019/9/20","index","USDX",98.4779
"1804","2019/9/23","index","USDX",98.6343
"1805","2019/9/24","index","USDX",98.3339
"1806","2019/9/25","index","USDX",99.0438
"1807","2019/9/26","index","USDX",99.206
"1808","2019/9/27","index","USDX",99.111
"1809","2019/9/30","index","USDX",99.4021
"1810","2019/10/8","index","USDX",99.1214
"1811","2019/10/9","index","USDX",99.1316
"1812","2019/10/10","index","USDX",98.7139
"1813","2019/10/11","index","USDX",98.34
"1814","2019/10/14","index","USDX",98.461
"1815","2019/10/15","index","USDX",98.3012
"1816","2019/10/16","index","USDX",98.0165
"1817","2019/10/17","index","USDX",97.5847
"1818","2019/10/18","index","USDX",97.2032
"1819","2019/10/21","index","USDX",97.3236
"1820","2019/10/22","index","USDX",97.5334
"1821","2019/10/23","index","USDX",97.4772
"1822","2019/10/24","index","USDX",97.6695
"1823","2019/10/25","index","USDX",97.8447
"1824","2019/10/28","index","USDX",97.7495
"1825","2019/10/29","index","USDX",97.6833
"1826","2019/10/30","index","USDX",97.4695
"1827","2019/10/31","index","USDX",97.3133
"1828","2019/11/1","index","USDX",97.217
"1829","2019/11/4","index","USDX",97.5396
"1830","2019/11/5","index","USDX",97.9141
"1831","2019/11/6","index","USDX",97.9644
"1832","2019/11/7","index","USDX",98.1317
"1833","2019/11/8","index","USDX",98.3919
"1834","2019/11/11","index","USDX",98.2135
"1835","2019/11/12","index","USDX",98.3494
"1836","2019/11/13","index","USDX",98.3384
"1837","2019/11/14","index","USDX",98.1554
"1838","2019/11/15","index","USDX",98.0039
"1839","2019/11/18","index","USDX",97.8205
"1840","2019/11/19","index","USDX",97.8413
"1841","2019/11/20","index","USDX",97.9062
"1842","2019/11/21","index","USDX",97.9869
"1843","2019/11/22","index","USDX",98.2837
"1844","2019/11/25","index","USDX",98.2882
"1845","2019/11/26","index","USDX",98.2573
"1846","2019/11/27","index","USDX",98.3855
"1847","2019/11/28","index","USDX",98.3369
"1848","2019/11/29","index","USDX",98.2804
"1849","2019/12/2","index","USDX",97.8652
"1850","2019/12/3","index","USDX",97.7453
"1851","2019/12/4","index","USDX",97.6196
"1852","2019/12/5","index","USDX",97.3884
"1853","2019/12/6","index","USDX",97.6866
"1854","2019/12/9","index","USDX",97.655
"1855","2019/12/10","index","USDX",97.4825
"1856","2019/12/11","index","USDX",97.1558
"1857","2019/12/12","index","USDX",97.2845
"1858","2019/12/13","index","USDX",97.1841
"1859","2019/12/16","index","USDX",97.0547
"1860","2019/12/17","index","USDX",97.183
"1861","2019/12/18","index","USDX",97.4222
"1862","2019/12/19","index","USDX",97.4091
"1863","2019/12/20","index","USDX",97.6901
"1864","2019/12/23","index","USDX",97.6722
"1865","2019/12/24","index","USDX",97.6764
"1866","2019/12/25","index","USDX",97.6557
"1867","2019/12/26","index","USDX",97.5936
"1868","2019/12/27","index","USDX",97.0017
"1869","2019/12/30","index","USDX",96.7771
"1870","2019/12/31","index","USDX",96.4481
"1871","2020/1/2","index","USDX",96.8077
"1872","2020/1/3","index","USDX",96.8871
"1873","2020/1/6","index","USDX",96.6302
"1874","2020/1/7","index","USDX",96.9601
"1875","2020/1/8","index","USDX",97.3401
"1876","2020/1/9","index","USDX",97.4349
"1877","2020/1/10","index","USDX",97.3752
"1878","2020/1/13","index","USDX",97.3856
"1879","2020/1/14","index","USDX",97.3956
"1880","2020/1/15","index","USDX",97.2236
"1881","2020/1/16","index","USDX",97.3102
"1882","2020/1/17","index","USDX",97.6403
"1883","2020/1/20","index","USDX",97.6011
"1884","2020/1/21","index","USDX",97.6114
"1885","2020/1/22","index","USDX",97.5046
"1886","2020/1/23","index","USDX",97.6778
"1887","2020/2/3","index","USDX",97.8201
"1888","2020/2/4","index","USDX",97.9518
"1889","2020/2/5","index","USDX",98.2639
"1890","2020/2/6","index","USDX",98.4685
"1891","2020/2/7","index","USDX",98.7084
"1892","2020/2/10","index","USDX",98.8607
"1893","2020/2/11","index","USDX",98.7724
"1894","2020/2/12","index","USDX",99.0023
"1895","2020/2/13","index","USDX",99.1056
"1896","2020/2/14","index","USDX",99.1588
"1897","2020/2/17","index","USDX",99.1572
"1898","2020/2/18","index","USDX",99.4665
"1899","2020/2/19","index","USDX",99.6263
"1900","2020/2/20","index","USDX",99.8889
"1901","2020/2/21","index","USDX",99.3486
"1902","2020/2/24","index","USDX",99.2897
"1903","2020/2/25","index","USDX",98.9751
"1904","2020/2/26","index","USDX",99.1594
"1905","2020/2/27","index","USDX",98.411
"1906","2020/2/28","index","USDX",98.133
"1907","2020/3/2","index","USDX",97.5708
"1908","2020/3/3","index","USDX",97.1821
"1909","2020/3/4","index","USDX",97.3672
"1910","2020/3/5","index","USDX",96.573
"1911","2020/3/6","index","USDX",96.1128
"1912","2020/3/9","index","USDX",95.0586
"1913","2020/3/10","index","USDX",96.5565
"1914","2020/3/11","index","USDX",96.5705
"1915","2020/3/12","index","USDX",97.445
"1916","2020/3/13","index","USDX",98.4888
"1917","2020/3/16","index","USDX",97.9874
"1918","2020/3/17","index","USDX",99.5935
"1919","2020/3/18","index","USDX",100.882
"1920","2020/3/19","index","USDX",102.688
"1921","2020/3/20","index","USDX",102.387
"1922","2020/3/23","index","USDX",102.453
"1923","2020/3/24","index","USDX",101.787
"1924","2020/3/25","index","USDX",100.941
"1925","2020/3/26","index","USDX",99.413
"1926","2020/3/27","index","USDX",98.3187
"1927","2020/3/30","index","USDX",99.0275
"1928","2020/3/31","index","USDX",98.9636
"1929","2020/4/1","index","USDX",98.9506
"1930","2020/4/2","index","USDX",100.101
"1931","2020/4/3","index","USDX",100.631
"1932","2020/4/7","index","USDX",99.9657
"1933","2020/4/8","index","USDX",99.9657
"1934","2020/4/9","index","USDX",99.5416
"1935","2020/4/10","index","USDX",99.5179
"1936","2020/4/13","index","USDX",99.4842
"1937","2020/4/14","index","USDX",98.8832
"1938","2020/4/15","index","USDX",99.5956
"1939","2020/4/16","index","USDX",100.072
"1940","2020/4/17","index","USDX",99.7177
"1941","2020/4/20","index","USDX",99.9676
"1942","2020/4/21","index","USDX",100.226
"1943","2020/4/22","index","USDX",100.342
"1944","2020/4/23","index","USDX",100.504
"1945","2020/4/24","index","USDX",100.243
"1946","2020/4/27","index","USDX",100.047
"1947","2020/4/28","index","USDX",99.9769
"1948","2020/4/29","index","USDX",99.5183
"1949","2020/4/30","index","USDX",99.0167
"1950","2020/5/6","index","USDX",100.179
"1951","2020/5/7","index","USDX",99.8327
"1952","2020/5/8","index","USDX",99.7539
"1953","2020/5/11","index","USDX",100.224
"1954","2020/5/12","index","USDX",100.007
"1955","2020/5/13","index","USDX",100.223
"1956","2020/5/14","index","USDX",100.211
"1957","2020/5/15","index","USDX",100.377
"1958","2020/5/18","index","USDX",99.6236
"1959","2020/5/19","index","USDX",99.5668
"1960","2020/5/20","index","USDX",99.1567
"1961","2020/5/21","index","USDX",99.4252
"1962","2020/5/22","index","USDX",99.7794
"1963","2020/5/25","index","USDX",99.791
"1964","2020/5/26","index","USDX",98.9978
"1965","2020/5/27","index","USDX",98.959
"1966","2020/5/28","index","USDX",98.4743
"1967","2020/5/29","index","USDX",98.2628
"1968","2020/6/1","index","USDX",97.8111
"1969","2020/6/2","index","USDX",97.6722
"1970","2020/6/3","index","USDX",97.3181
"1971","2020/6/4","index","USDX",96.763
"1972","2020/6/5","index","USDX",96.9357
"1973","2020/6/8","index","USDX",96.6976
"1974","2020/6/9","index","USDX",96.3812
"1975","2020/6/10","index","USDX",96.0923
"1976","2020/6/11","index","USDX",96.762
"1977","2020/6/12","index","USDX",97.1012
"1978","2020/6/15","index","USDX",96.662
"1979","2020/6/16","index","USDX",97.003
"1980","2020/6/17","index","USDX",97.0671
"1981","2020/6/18","index","USDX",97.4554
"1982","2020/6/19","index","USDX",97.6842
"1983","2020/6/22","index","USDX",97.0517
"1984","2020/6/23","index","USDX",96.6879
"1985","2020/6/24","index","USDX",97.2286
"1986","2020/6/29","index","USDX",97.4605
"1987","2020/6/30","index","USDX",97.3841
"1988","2020/7/1","index","USDX",97.3841
"1989","2020/7/2","index","USDX",97.2151
"1990","2020/7/3","index","USDX",97.2447
"1991","2020/7/6","index","USDX",96.7759
"1992","2020/7/7","index","USDX",96.973
"1993","2020/7/8","index","USDX",96.973
"1994","2020/7/9","index","USDX",96.8028
"1995","2020/7/10","index","USDX",96.6719
"1996","2020/7/13","index","USDX",96.5586
"1997","2020/7/14","index","USDX",96.2365
"1998","2020/7/15","index","USDX",96.0418
"1999","2020/7/16","index","USDX",96.3048
"2000","2020/7/17","index","USDX",96.014
"2001","2020/7/20","index","USDX",95.7972
"2002","2020/7/21","index","USDX",95.182
"2003","2020/7/22","index","USDX",94.9758
"2004","2020/7/23","index","USDX",94.7841
"2005","2020/7/24","index","USDX",94.347
"2006","2020/7/27","index","USDX",93.6508
"2007","2020/7/28","index","USDX",93.7655
"2008","2020/7/29","index","USDX",93.2803
"2009","2020/7/30","index","USDX",92.9366
"2010","2020/7/31","index","USDX",93.4841
"2011","2020/8/3","index","USDX",93.5238
"2012","2020/8/4","index","USDX",93.2411
"2013","2020/8/5","index","USDX",92.839
"2014","2020/8/6","index","USDX",92.7899
"2015","2020/8/7","index","USDX",93.4133
"2016","2020/8/10","index","USDX",93.6157
"2017","2020/8/11","index","USDX",93.6583
"2018","2020/8/12","index","USDX",93.4328
"2019","2020/8/13","index","USDX",93.247
"2020","2020/8/14","index","USDX",93.0995
"2021","2020/8/17","index","USDX",92.8361
"2022","2020/8/18","index","USDX",92.3213
"2023","2020/8/19","index","USDX",93.0313
"2024","2020/8/20","index","USDX",92.7612
"2025","2020/8/21","index","USDX",93.2062
"2026","2020/8/24","index","USDX",93.3056
"2027","2020/8/25","index","USDX",93.0084
"2028","2020/8/26","index","USDX",92.8985
"2029","2020/8/27","index","USDX",93.0114
"2030","2020/8/28","index","USDX",92.2833
"2031","2020/8/31","index","USDX",92.1711
"2032","2020/9/1","index","USDX",92.3205
"2033","2020/9/2","index","USDX",92.6407
"2034","2020/9/3","index","USDX",92.7687
"2035","2020/9/4","index","USDX",92.8208
"2036","2020/9/7","index","USDX",93.0623
"2037","2020/9/8","index","USDX",93.5006
"2038","2020/9/9","index","USDX",93.2478
"2039","2020/9/10","index","USDX",93.3956
"2040","2020/9/11","index","USDX",93.2511
"2041","2020/9/14","index","USDX",93.0748
"2042","2020/9/15","index","USDX",93.0933
"2043","2020/9/16","index","USDX",93.1108
"2044","2020/9/17","index","USDX",92.9098
"2045","2020/9/18","index","USDX",93.0081
"2046","2020/9/21","index","USDX",93.5296
"2047","2020/9/22","index","USDX",93.9739
"2048","2020/9/23","index","USDX",94.3688
"2049","2020/9/24","index","USDX",94.3552
"2050","2020/9/25","index","USDX",94.5871
"2051","2020/9/28","index","USDX",94.2656
"2052","2020/9/29","index","USDX",93.8597
"2053","2020/9/30","index","USDX",93.848
"2054","2020/10/9","index","USDX",93.0109
"2055","2020/10/12","index","USDX",93.0443
"2056","2020/10/13","index","USDX",93.5336
"2057","2020/10/14","index","USDX",93.42
"2058","2020/10/15","index","USDX",93.7954
"2059","2020/10/16","index","USDX",93.7064
"2060","2020/10/19","index","USDX",93.4231
"2061","2020/10/20","index","USDX",93.1005
"2062","2020/10/21","index","USDX",92.6577
"2063","2020/10/22","index","USDX",92.9446
"2064","2020/10/23","index","USDX",92.7367
"2065","2020/10/26","index","USDX",93.0667
"2066","2020/10/27","index","USDX",93.0389
"2067","2020/10/28","index","USDX",93.4498
"2068","2020/10/29","index","USDX",93.9325
"2069","2020/10/30","index","USDX",94.0175
"2070","2020/11/2","index","USDX",94.0506
"2071","2020/11/3","index","USDX",93.4093
"2072","2020/11/4","index","USDX",93.442
"2073","2020/11/5","index","USDX",92.5833
"2074","2020/11/6","index","USDX",92.5905
"2075","2020/11/9","index","USDX",92.8361
"2076","2020/11/10","index","USDX",92.72
"2077","2020/11/11","index","USDX",93.0081
"2078","2020/11/12","index","USDX",92.9789
"2079","2020/11/13","index","USDX",92.9706
"2080","2020/11/16","index","USDX",92.5551
"2081","2020/11/17","index","USDX",92.4564
"2082","2020/11/18","index","USDX",92.4043
"2083","2020/11/19","index","USDX",92.3035
"2084","2020/11/20","index","USDX",92.2593
"2085","2020/11/23","index","USDX",92.5197
"2086","2020/11/24","index","USDX",92.1403
"2087","2020/11/25","index","USDX",92.0138
"2088","2020/11/26","index","USDX",92.0194
"2089","2020/11/27","index","USDX",91.7845
"2090","2020/11/30","index","USDX",92.033
"2091","2020/12/1","index","USDX",91.1801
"2092","2020/12/2","index","USDX",91.0183
"2093","2020/12/3","index","USDX",90.6749
"2094","2020/12/4","index","USDX",90.696
"2095","2020/12/7","index","USDX",90.865
"2096","2020/12/8","index","USDX",90.9495
"2097","2020/12/9","index","USDX",91.0342
"2098","2020/12/10","index","USDX",90.7779
"2099","2020/12/11","index","USDX",90.9743
"2100","2020/12/14","index","USDX",90.7283
"2101","2020/12/15","index","USDX",90.5843
"2102","2020/12/16","index","USDX",90.22
"2103","2020/12/17","index","USDX",89.77
"2104","2020/12/18","index","USDX",89.92
"2105","2020/12/21","index","USDX",90.0816
"2106","2020/12/22","index","USDX",90.6334
"2107","2020/12/23","index","USDX",90.3475
"2108","2020/12/24","index","USDX",90.3026
"2109","2020/12/25","index","USDX",90.3331
"2110","2020/12/28","index","USDX",90.2841
"2111","2020/12/29","index","USDX",90.004
"2112","2020/12/30","index","USDX",89.6001
"2113","2020/12/31","index","USDX",89.9583
"2114","2021/1/4","index","USDX",89.8778
"2115","2021/1/5","index","USDX",89.4754
"2116","2021/1/6","index","USDX",89.4167
"2117","2021/1/7","index","USDX",89.827
"2118","2021/1/8","index","USDX",90.0651
"2119","2021/1/11","index","USDX",90.55
"2120","2021/1/12","index","USDX",90.04
"2121","2021/1/13","index","USDX",90.32
"2122","2021/1/14","index","USDX",90.25
"2123","2021/1/15","index","USDX",90.79
"2124","2021/1/18","index","USDX",90.7716
"2125","2021/1/19","index","USDX",90.4882
"2126","2021/1/20","index","USDX",90.4601
"2127","2021/1/21","index","USDX",90.0839
"2128","2021/1/22","index","USDX",90.2112
"2129","2021/1/25","index","USDX",90.351
"2130","2021/1/26","index","USDX",90.1869
"2131","2021/1/27","index","USDX",90.5917
"2132","2021/1/28","index","USDX",90.5405
"2133","2021/1/29","index","USDX",90.5382
"2134","2021/2/1","index","USDX",91.0272
"2135","2021/2/2","index","USDX",91.0431
"2136","2021/2/3","index","USDX",91.1129
"2137","2021/2/4","index","USDX",91.5513
"2138","2021/2/8","index","USDX",90.9682
"2139","2021/2/9","index","USDX",90.44
"2140","2021/2/10","index","USDX",90.4287
"2141","2021/2/18","index","USDX",90.5555
"2142","2021/2/19","index","USDX",90.3398
"2143","2021/2/22","index","USDX",90.0869
"2144","2021/2/23","index","USDX",90.1173
"2145","2021/2/24","index","USDX",90.0435
"2146","2021/2/25","index","USDX",90.2149
"2147","2021/2/26","index","USDX",90.9399
"2148","2021/3/1","index","USDX",91.0173
"2149","2021/3/2","index","USDX",90.7646
"2150","2021/3/3","index","USDX",90.9909
"2151","2021/3/4","index","USDX",91.6141
"2152","2021/3/5","index","USDX",91.997
"2153","2021/3/8","index","USDX",92.4074
"2154","2021/3/9","index","USDX",91.9696
"2155","2021/3/10","index","USDX",91.7818
"2156","2021/3/11","index","USDX",91.4172
"2157","2021/3/12","index","USDX",91.6676
"2158","2021/3/15","index","USDX",91.8032
"2159","2021/3/16","index","USDX",91.8752
"2160","2021/3/17","index","USDX",91.9738
"2161","2021/3/18","index","USDX",91.8283
"2162","2021/3/19","index","USDX",91.9493
"2163","2021/3/22","index","USDX",91.8031
"2164","2021/3/23","index","USDX",92.3527
"2165","2021/3/24","index","USDX",92.5886
"2166","2021/3/25","index","USDX",92.8846
"2167","2021/3/26","index","USDX",92.7252
"2168","2021/3/29","index","USDX",92.9354
"2169","2021/3/30","index","USDX",93.286
"2170","2021/3/31","index","USDX",93.1839
"2171","2021/4/1","index","USDX",92.8963
"2172","2021/4/2","index","USDX",92.9977
"2173","2021/4/6","index","USDX",92.2895
"2174","2021/4/7","index","USDX",92.4201
"2175","2021/4/8","index","USDX",92.0645
"2176","2021/4/9","index","USDX",92.1766
"2177","2021/4/12","index","USDX",92.1065
"2178","2021/4/13","index","USDX",91.8444
"2179","2021/4/14","index","USDX",91.6507
"2180","2021/4/15","index","USDX",91.6795
"2181","2021/4/16","index","USDX",91.5363
"2182","2021/4/19","index","USDX",91.0992
"2183","2021/4/20","index","USDX",91.1943
"2184","2021/4/21","index","USDX",91.1151
"2185","2021/4/22","index","USDX",91.2774
"2186","2021/4/23","index","USDX",90.8295
"2187","2021/4/26","index","USDX",90.8405
"2188","2021/4/27","index","USDX",90.8749
"2189","2021/4/28","index","USDX",90.6064
"2190","2021/4/29","index","USDX",90.6555
"2191","2021/4/30","index","USDX",91.2985
"2192","2021/5/6","index","USDX",90.8715
"2193","2021/5/7","index","USDX",90.2395
"2194","2021/5/10","index","USDX",90.3102
"2195","2021/5/11","index","USDX",90.1777
"2196","2021/5/12","index","USDX",90.8033
"2197","2021/5/13","index","USDX",90.737
"2198","2021/5/14","index","USDX",90.3094
"2199","2021/5/17","index","USDX",90.2163
"2200","2021/5/18","index","USDX",89.795
"2201","2021/5/19","index","USDX",90.1828
"2202","2021/5/20","index","USDX",89.7602
"2203","2021/5/21","index","USDX",90.0432
"2204","2021/5/24","index","USDX",89.8363
"2205","2021/5/25","index","USDX",89.6685
"2206","2021/5/26","index","USDX",90.0576
"2207","2021/5/27","index","USDX",90.0015
"2208","2021/5/28","index","USDX",90.0547
"2209","2021/5/31","index","USDX",89.8467
"2210","2021/6/1","index","USDX",89.9314
"2211","2021/6/2","index","USDX",89.8985
"2212","2021/6/3","index","USDX",90.495
"2213","2021/6/4","index","USDX",90.1393
"2214","2021/6/7","index","USDX",89.9816
"2215","2021/6/8","index","USDX",90.1144
"2216","2021/6/9","index","USDX",90.1324
"2217","2021/6/10","index","USDX",90.0465
"2218","2021/6/11","index","USDX",90.5093
"2219","2021/6/15","index","USDX",90.522
"2220","2021/6/16","index","USDX",91.4019
"2221","2021/6/17","index","USDX",91.9096
"2222","2021/6/18","index","USDX",92.3217
"2223","2021/6/21","index","USDX",91.8554
"2224","2021/6/22","index","USDX",91.7193
"2225","2021/6/23","index","USDX",91.8138
"2226","2021/6/24","index","USDX",91.8153
"2227","2021/6/25","index","USDX",91.8057
"2228","2021/6/28","index","USDX",91.8795
"2229","2021/6/29","index","USDX",92.0941
"2230","2021/6/30","index","USDX",92.3671
"2231","2021/7/1","index","USDX",92.5361
"2232","2021/7/2","index","USDX",92.2449
